--
-- PostgreSQL database dump
--

\restrict WGkB0fCgVyMU4xVQWC2F1BBtaGBmSWfI9n1qbYvbUxUdho0M0foOP7qSoObABM0

-- Dumped from database version 17.8 (130b160)
-- Dumped by pg_dump version 17.9 (Homebrew)

SET statement_timeout = 0;
SET lock_timeout = 0;
SET idle_in_transaction_session_timeout = 0;
SET transaction_timeout = 0;
SET client_encoding = 'UTF8';
SET standard_conforming_strings = on;
SELECT pg_catalog.set_config('search_path', '', false);
SET check_function_bodies = false;
SET xmloption = content;
SET client_min_messages = warning;
SET row_security = off;

SET default_tablespace = '';

SET default_table_access_method = heap;

--
-- Name: account_emailaddress; Type: TABLE; Schema: public; Owner: -
--

CREATE TABLE public.account_emailaddress (
    id integer NOT NULL,
    email character varying(254) NOT NULL,
    verified boolean NOT NULL,
    "primary" boolean NOT NULL,
    user_id uuid NOT NULL
);


--
-- Name: account_emailaddress_id_seq; Type: SEQUENCE; Schema: public; Owner: -
--

ALTER TABLE public.account_emailaddress ALTER COLUMN id ADD GENERATED BY DEFAULT AS IDENTITY (
    SEQUENCE NAME public.account_emailaddress_id_seq
    START WITH 1
    INCREMENT BY 1
    NO MINVALUE
    NO MAXVALUE
    CACHE 1
);


--
-- Name: account_emailconfirmation; Type: TABLE; Schema: public; Owner: -
--

CREATE TABLE public.account_emailconfirmation (
    id integer NOT NULL,
    created timestamp with time zone NOT NULL,
    sent timestamp with time zone,
    key character varying(64) NOT NULL,
    email_address_id integer NOT NULL
);


--
-- Name: account_emailconfirmation_id_seq; Type: SEQUENCE; Schema: public; Owner: -
--

ALTER TABLE public.account_emailconfirmation ALTER COLUMN id ADD GENERATED BY DEFAULT AS IDENTITY (
    SEQUENCE NAME public.account_emailconfirmation_id_seq
    START WITH 1
    INCREMENT BY 1
    NO MINVALUE
    NO MAXVALUE
    CACHE 1
);


--
-- Name: auth_group; Type: TABLE; Schema: public; Owner: -
--

CREATE TABLE public.auth_group (
    id integer NOT NULL,
    name character varying(150) NOT NULL
);


--
-- Name: auth_group_id_seq; Type: SEQUENCE; Schema: public; Owner: -
--

ALTER TABLE public.auth_group ALTER COLUMN id ADD GENERATED BY DEFAULT AS IDENTITY (
    SEQUENCE NAME public.auth_group_id_seq
    START WITH 1
    INCREMENT BY 1
    NO MINVALUE
    NO MAXVALUE
    CACHE 1
);


--
-- Name: auth_group_permissions; Type: TABLE; Schema: public; Owner: -
--

CREATE TABLE public.auth_group_permissions (
    id bigint NOT NULL,
    group_id integer NOT NULL,
    permission_id integer NOT NULL
);


--
-- Name: auth_group_permissions_id_seq; Type: SEQUENCE; Schema: public; Owner: -
--

ALTER TABLE public.auth_group_permissions ALTER COLUMN id ADD GENERATED BY DEFAULT AS IDENTITY (
    SEQUENCE NAME public.auth_group_permissions_id_seq
    START WITH 1
    INCREMENT BY 1
    NO MINVALUE
    NO MAXVALUE
    CACHE 1
);


--
-- Name: auth_permission; Type: TABLE; Schema: public; Owner: -
--

CREATE TABLE public.auth_permission (
    id integer NOT NULL,
    name character varying(255) NOT NULL,
    content_type_id integer NOT NULL,
    codename character varying(100) NOT NULL
);


--
-- Name: auth_permission_id_seq; Type: SEQUENCE; Schema: public; Owner: -
--

ALTER TABLE public.auth_permission ALTER COLUMN id ADD GENERATED BY DEFAULT AS IDENTITY (
    SEQUENCE NAME public.auth_permission_id_seq
    START WITH 1
    INCREMENT BY 1
    NO MINVALUE
    NO MAXVALUE
    CACHE 1
);


--
-- Name: django_admin_log; Type: TABLE; Schema: public; Owner: -
--

CREATE TABLE public.django_admin_log (
    id integer NOT NULL,
    action_time timestamp with time zone NOT NULL,
    object_id text,
    object_repr character varying(200) NOT NULL,
    action_flag smallint NOT NULL,
    change_message text NOT NULL,
    content_type_id integer,
    user_id uuid NOT NULL,
    CONSTRAINT django_admin_log_action_flag_check CHECK ((action_flag >= 0))
);


--
-- Name: django_admin_log_id_seq; Type: SEQUENCE; Schema: public; Owner: -
--

ALTER TABLE public.django_admin_log ALTER COLUMN id ADD GENERATED BY DEFAULT AS IDENTITY (
    SEQUENCE NAME public.django_admin_log_id_seq
    START WITH 1
    INCREMENT BY 1
    NO MINVALUE
    NO MAXVALUE
    CACHE 1
);


--
-- Name: django_content_type; Type: TABLE; Schema: public; Owner: -
--

CREATE TABLE public.django_content_type (
    id integer NOT NULL,
    app_label character varying(100) NOT NULL,
    model character varying(100) NOT NULL
);


--
-- Name: django_content_type_id_seq; Type: SEQUENCE; Schema: public; Owner: -
--

ALTER TABLE public.django_content_type ALTER COLUMN id ADD GENERATED BY DEFAULT AS IDENTITY (
    SEQUENCE NAME public.django_content_type_id_seq
    START WITH 1
    INCREMENT BY 1
    NO MINVALUE
    NO MAXVALUE
    CACHE 1
);


--
-- Name: django_migrations; Type: TABLE; Schema: public; Owner: -
--

CREATE TABLE public.django_migrations (
    id bigint NOT NULL,
    app character varying(255) NOT NULL,
    name character varying(255) NOT NULL,
    applied timestamp with time zone NOT NULL
);


--
-- Name: django_migrations_id_seq; Type: SEQUENCE; Schema: public; Owner: -
--

ALTER TABLE public.django_migrations ALTER COLUMN id ADD GENERATED BY DEFAULT AS IDENTITY (
    SEQUENCE NAME public.django_migrations_id_seq
    START WITH 1
    INCREMENT BY 1
    NO MINVALUE
    NO MAXVALUE
    CACHE 1
);


--
-- Name: django_session; Type: TABLE; Schema: public; Owner: -
--

CREATE TABLE public.django_session (
    session_key character varying(40) NOT NULL,
    session_data text NOT NULL,
    expire_date timestamp with time zone NOT NULL
);


--
-- Name: django_site; Type: TABLE; Schema: public; Owner: -
--

CREATE TABLE public.django_site (
    id integer NOT NULL,
    domain character varying(100) NOT NULL,
    name character varying(50) NOT NULL
);


--
-- Name: django_site_id_seq; Type: SEQUENCE; Schema: public; Owner: -
--

ALTER TABLE public.django_site ALTER COLUMN id ADD GENERATED BY DEFAULT AS IDENTITY (
    SEQUENCE NAME public.django_site_id_seq
    START WITH 1
    INCREMENT BY 1
    NO MINVALUE
    NO MAXVALUE
    CACHE 1
);


--
-- Name: socialaccount_socialaccount; Type: TABLE; Schema: public; Owner: -
--

CREATE TABLE public.socialaccount_socialaccount (
    id integer NOT NULL,
    provider character varying(200) NOT NULL,
    uid character varying(191) NOT NULL,
    last_login timestamp with time zone NOT NULL,
    date_joined timestamp with time zone NOT NULL,
    extra_data jsonb NOT NULL,
    user_id uuid NOT NULL
);


--
-- Name: socialaccount_socialaccount_id_seq; Type: SEQUENCE; Schema: public; Owner: -
--

ALTER TABLE public.socialaccount_socialaccount ALTER COLUMN id ADD GENERATED BY DEFAULT AS IDENTITY (
    SEQUENCE NAME public.socialaccount_socialaccount_id_seq
    START WITH 1
    INCREMENT BY 1
    NO MINVALUE
    NO MAXVALUE
    CACHE 1
);


--
-- Name: socialaccount_socialapp; Type: TABLE; Schema: public; Owner: -
--

CREATE TABLE public.socialaccount_socialapp (
    id integer NOT NULL,
    provider character varying(30) NOT NULL,
    name character varying(40) NOT NULL,
    client_id character varying(191) NOT NULL,
    secret character varying(191) NOT NULL,
    key character varying(191) NOT NULL,
    provider_id character varying(200) NOT NULL,
    settings jsonb NOT NULL
);


--
-- Name: socialaccount_socialapp_id_seq; Type: SEQUENCE; Schema: public; Owner: -
--

ALTER TABLE public.socialaccount_socialapp ALTER COLUMN id ADD GENERATED BY DEFAULT AS IDENTITY (
    SEQUENCE NAME public.socialaccount_socialapp_id_seq
    START WITH 1
    INCREMENT BY 1
    NO MINVALUE
    NO MAXVALUE
    CACHE 1
);


--
-- Name: socialaccount_socialapp_sites; Type: TABLE; Schema: public; Owner: -
--

CREATE TABLE public.socialaccount_socialapp_sites (
    id bigint NOT NULL,
    socialapp_id integer NOT NULL,
    site_id integer NOT NULL
);


--
-- Name: socialaccount_socialapp_sites_id_seq; Type: SEQUENCE; Schema: public; Owner: -
--

ALTER TABLE public.socialaccount_socialapp_sites ALTER COLUMN id ADD GENERATED BY DEFAULT AS IDENTITY (
    SEQUENCE NAME public.socialaccount_socialapp_sites_id_seq
    START WITH 1
    INCREMENT BY 1
    NO MINVALUE
    NO MAXVALUE
    CACHE 1
);


--
-- Name: socialaccount_socialtoken; Type: TABLE; Schema: public; Owner: -
--

CREATE TABLE public.socialaccount_socialtoken (
    id integer NOT NULL,
    token text NOT NULL,
    token_secret text NOT NULL,
    expires_at timestamp with time zone,
    account_id integer NOT NULL,
    app_id integer
);


--
-- Name: socialaccount_socialtoken_id_seq; Type: SEQUENCE; Schema: public; Owner: -
--

ALTER TABLE public.socialaccount_socialtoken ALTER COLUMN id ADD GENERATED BY DEFAULT AS IDENTITY (
    SEQUENCE NAME public.socialaccount_socialtoken_id_seq
    START WITH 1
    INCREMENT BY 1
    NO MINVALUE
    NO MAXVALUE
    CACHE 1
);


--
-- Name: survey_alert; Type: TABLE; Schema: public; Owner: -
--

CREATE TABLE public.survey_alert (
    id uuid NOT NULL,
    rating integer NOT NULL,
    status character varying(20) NOT NULL,
    created_at timestamp with time zone NOT NULL,
    resolved_at timestamp with time zone,
    location_id uuid NOT NULL,
    survey_response_id uuid NOT NULL
);


--
-- Name: survey_incentive; Type: TABLE; Schema: public; Owner: -
--

CREATE TABLE public.survey_incentive (
    id uuid NOT NULL,
    active boolean NOT NULL,
    win_rate integer NOT NULL,
    prize_text character varying(200) NOT NULL,
    email_subject character varying(200) NOT NULL,
    email_body text NOT NULL,
    created_at timestamp with time zone NOT NULL,
    name character varying(200) NOT NULL,
    organization_id uuid NOT NULL,
    survey_set_id uuid
);


--
-- Name: survey_incentivewin; Type: TABLE; Schema: public; Owner: -
--

CREATE TABLE public.survey_incentivewin (
    id uuid NOT NULL,
    code character varying(8) NOT NULL,
    email character varying(254) NOT NULL,
    marketing_opt_in boolean NOT NULL,
    redeemed_at timestamp with time zone,
    created_at timestamp with time zone NOT NULL,
    incentive_id uuid NOT NULL,
    redeemed_by_id uuid,
    survey_response_id uuid NOT NULL
);


--
-- Name: survey_location; Type: TABLE; Schema: public; Owner: -
--

CREATE TABLE public.survey_location (
    id uuid NOT NULL,
    name character varying(200) NOT NULL,
    floor character varying(100) NOT NULL,
    active boolean NOT NULL,
    nfc_url character varying(500) NOT NULL,
    created_at timestamp with time zone NOT NULL,
    organization_id uuid,
    survey_set_id uuid,
    qr_enabled boolean NOT NULL
);


--
-- Name: survey_nfctag; Type: TABLE; Schema: public; Owner: -
--

CREATE TABLE public.survey_nfctag (
    id uuid NOT NULL,
    claimed_at timestamp with time zone,
    created_at timestamp with time zone NOT NULL,
    location_id uuid,
    organization_id uuid
);


--
-- Name: survey_organization; Type: TABLE; Schema: public; Owner: -
--

CREATE TABLE public.survey_organization (
    id uuid NOT NULL,
    name character varying(200) NOT NULL,
    slug character varying(50) NOT NULL,
    brand_color character varying(7) NOT NULL,
    logo_url character varying(200) NOT NULL,
    plan character varying(20) NOT NULL,
    created_at timestamp with time zone NOT NULL,
    stripe_customer_id character varying(100) NOT NULL,
    stripe_subscription_id character varying(100) NOT NULL,
    subscription_status character varying(20) NOT NULL,
    trial_ends_at timestamp with time zone
);


--
-- Name: survey_survey; Type: TABLE; Schema: public; Owner: -
--

CREATE TABLE public.survey_survey (
    id uuid NOT NULL,
    question character varying(500) NOT NULL,
    scale_type character varying(20) NOT NULL,
    active boolean NOT NULL,
    created_at timestamp with time zone NOT NULL,
    organization_id uuid,
    survey_set_id uuid,
    "position" integer NOT NULL
);


--
-- Name: survey_surveyresponse; Type: TABLE; Schema: public; Owner: -
--

CREATE TABLE public.survey_surveyresponse (
    id uuid NOT NULL,
    rating integer NOT NULL,
    comment text NOT NULL,
    email character varying(254) NOT NULL,
    incentive_won boolean NOT NULL,
    incentive_claimed boolean NOT NULL,
    created_at timestamp with time zone NOT NULL,
    ip_hash character varying(64) NOT NULL,
    device_hash character varying(64) NOT NULL,
    user_agent character varying(500) NOT NULL,
    location_id uuid NOT NULL,
    survey_id uuid,
    session_id uuid,
    survey_set_id uuid,
    marketing_opt_in boolean NOT NULL
);


--
-- Name: survey_surveyset; Type: TABLE; Schema: public; Owner: -
--

CREATE TABLE public.survey_surveyset (
    id uuid NOT NULL,
    name character varying(200) NOT NULL,
    comments_enabled boolean NOT NULL,
    comments_prompt character varying(200) NOT NULL,
    alert_threshold integer NOT NULL,
    created_at timestamp with time zone NOT NULL,
    organization_id uuid,
    review_redirect_enabled boolean NOT NULL,
    review_redirect_url character varying(200) NOT NULL
);


--
-- Name: survey_user; Type: TABLE; Schema: public; Owner: -
--

CREATE TABLE public.survey_user (
    password character varying(128) NOT NULL,
    last_login timestamp with time zone,
    is_superuser boolean NOT NULL,
    username character varying(150) NOT NULL,
    first_name character varying(150) NOT NULL,
    last_name character varying(150) NOT NULL,
    email character varying(254) NOT NULL,
    is_staff boolean NOT NULL,
    is_active boolean NOT NULL,
    date_joined timestamp with time zone NOT NULL,
    id uuid NOT NULL,
    role character varying(20) NOT NULL,
    organization_id uuid
);


--
-- Name: survey_user_groups; Type: TABLE; Schema: public; Owner: -
--

CREATE TABLE public.survey_user_groups (
    id bigint NOT NULL,
    user_id uuid NOT NULL,
    group_id integer NOT NULL
);


--
-- Name: survey_user_groups_id_seq; Type: SEQUENCE; Schema: public; Owner: -
--

ALTER TABLE public.survey_user_groups ALTER COLUMN id ADD GENERATED BY DEFAULT AS IDENTITY (
    SEQUENCE NAME public.survey_user_groups_id_seq
    START WITH 1
    INCREMENT BY 1
    NO MINVALUE
    NO MAXVALUE
    CACHE 1
);


--
-- Name: survey_user_user_permissions; Type: TABLE; Schema: public; Owner: -
--

CREATE TABLE public.survey_user_user_permissions (
    id bigint NOT NULL,
    user_id uuid NOT NULL,
    permission_id integer NOT NULL
);


--
-- Name: survey_user_user_permissions_id_seq; Type: SEQUENCE; Schema: public; Owner: -
--

ALTER TABLE public.survey_user_user_permissions ALTER COLUMN id ADD GENERATED BY DEFAULT AS IDENTITY (
    SEQUENCE NAME public.survey_user_user_permissions_id_seq
    START WITH 1
    INCREMENT BY 1
    NO MINVALUE
    NO MAXVALUE
    CACHE 1
);


--
-- Data for Name: account_emailaddress; Type: TABLE DATA; Schema: public; Owner: -
--

COPY public.account_emailaddress (id, email, verified, "primary", user_id) FROM stdin;
\.


--
-- Data for Name: account_emailconfirmation; Type: TABLE DATA; Schema: public; Owner: -
--

COPY public.account_emailconfirmation (id, created, sent, key, email_address_id) FROM stdin;
\.


--
-- Data for Name: auth_group; Type: TABLE DATA; Schema: public; Owner: -
--

COPY public.auth_group (id, name) FROM stdin;
\.


--
-- Data for Name: auth_group_permissions; Type: TABLE DATA; Schema: public; Owner: -
--

COPY public.auth_group_permissions (id, group_id, permission_id) FROM stdin;
\.


--
-- Data for Name: auth_permission; Type: TABLE DATA; Schema: public; Owner: -
--

COPY public.auth_permission (id, name, content_type_id, codename) FROM stdin;
1	Can add log entry	1	add_logentry
2	Can change log entry	1	change_logentry
3	Can delete log entry	1	delete_logentry
4	Can view log entry	1	view_logentry
5	Can add permission	3	add_permission
6	Can change permission	3	change_permission
7	Can delete permission	3	delete_permission
8	Can view permission	3	view_permission
9	Can add group	2	add_group
10	Can change group	2	change_group
11	Can delete group	2	delete_group
12	Can view group	2	view_group
13	Can add content type	4	add_contenttype
14	Can change content type	4	change_contenttype
15	Can delete content type	4	delete_contenttype
16	Can view content type	4	view_contenttype
17	Can add session	5	add_session
18	Can change session	5	change_session
19	Can delete session	5	delete_session
20	Can view session	5	view_session
21	Can add site	6	add_site
22	Can change site	6	change_site
23	Can delete site	6	delete_site
24	Can view site	6	view_site
25	Can add email address	7	add_emailaddress
26	Can change email address	7	change_emailaddress
27	Can delete email address	7	delete_emailaddress
28	Can view email address	7	view_emailaddress
29	Can add email confirmation	8	add_emailconfirmation
30	Can change email confirmation	8	change_emailconfirmation
31	Can delete email confirmation	8	delete_emailconfirmation
32	Can view email confirmation	8	view_emailconfirmation
33	Can add social account	9	add_socialaccount
34	Can change social account	9	change_socialaccount
35	Can delete social account	9	delete_socialaccount
36	Can view social account	9	view_socialaccount
37	Can add social application	10	add_socialapp
38	Can change social application	10	change_socialapp
39	Can delete social application	10	delete_socialapp
40	Can view social application	10	view_socialapp
41	Can add social application token	11	add_socialtoken
42	Can change social application token	11	change_socialtoken
43	Can delete social application token	11	delete_socialtoken
44	Can view social application token	11	view_socialtoken
45	Can add organization	15	add_organization
46	Can change organization	15	change_organization
47	Can delete organization	15	delete_organization
48	Can view organization	15	view_organization
49	Can add user	18	add_user
50	Can change user	18	change_user
51	Can delete user	18	delete_user
52	Can view user	18	view_user
53	Can add survey	16	add_survey
54	Can change survey	16	change_survey
55	Can delete survey	16	delete_survey
56	Can view survey	16	view_survey
57	Can add location	14	add_location
58	Can change location	14	change_location
59	Can delete location	14	delete_location
60	Can view location	14	view_location
61	Can add incentive	13	add_incentive
62	Can change incentive	13	change_incentive
63	Can delete incentive	13	delete_incentive
64	Can view incentive	13	view_incentive
65	Can add survey response	17	add_surveyresponse
66	Can change survey response	17	change_surveyresponse
67	Can delete survey response	17	delete_surveyresponse
68	Can view survey response	17	view_surveyresponse
69	Can add alert	12	add_alert
70	Can change alert	12	change_alert
71	Can delete alert	12	delete_alert
72	Can view alert	12	view_alert
73	Can add nfc tag	19	add_nfctag
74	Can change nfc tag	19	change_nfctag
75	Can delete nfc tag	19	delete_nfctag
76	Can view nfc tag	19	view_nfctag
77	Can add survey set	20	add_surveyset
78	Can change survey set	20	change_surveyset
79	Can delete survey set	20	delete_surveyset
80	Can view survey set	20	view_surveyset
81	Can add incentive win	21	add_incentivewin
82	Can change incentive win	21	change_incentivewin
83	Can delete incentive win	21	delete_incentivewin
84	Can view incentive win	21	view_incentivewin
\.


--
-- Data for Name: django_admin_log; Type: TABLE DATA; Schema: public; Owner: -
--

COPY public.django_admin_log (id, action_time, object_id, object_repr, action_flag, change_message, content_type_id, user_id) FROM stdin;
1	2026-03-29 14:54:58.2522+00	43e2ba38-05eb-48d0-b39c-c42693d11d47	scottbegin@outlook.com	3		18	3e446ae5-57b7-4093-8776-93576630f823
2	2026-04-06 23:44:45.757774+00	e622569b-987e-4e72-9270-43415ced229e	scott@pmgpresents.com	3		18	3e446ae5-57b7-4093-8776-93576630f823
3	2026-04-06 23:44:45.757838+00	bccebdf1-ecde-463d-b718-dfc0a220daa0	scott@providencemusicgrp.com	3		18	3e446ae5-57b7-4093-8776-93576630f823
4	2026-04-06 23:44:45.75786+00	84cc983b-109e-4405-9fd6-57581003d1ad	chris@biss.com	3		18	3e446ae5-57b7-4093-8776-93576630f823
5	2026-04-06 23:44:45.757886+00	5b3c0ea3-5dee-42ff-b58c-f55a629fb1a1	scott@scott.com	3		18	3e446ae5-57b7-4093-8776-93576630f823
6	2026-04-06 23:44:45.757933+00	4a58b2f1-fbda-489e-8a0c-dc1c00ea93ea	test@test.com	3		18	3e446ae5-57b7-4093-8776-93576630f823
7	2026-04-07 15:29:38.36362+00	d48024b1-421f-4325-a227-3f5997275512	test@test.com	3		18	3e446ae5-57b7-4093-8776-93576630f823
8	2026-04-17 00:26:10.300366+00	8580d5aa-792a-485b-baac-af5471c1fb05	alwleedknl@gmail.com	3		18	3e446ae5-57b7-4093-8776-93576630f823
9	2026-04-21 02:18:27.981297+00	3ef01dc8-bdda-4791-95ce-414dbe7e1795	Waleed	3		15	3e446ae5-57b7-4093-8776-93576630f823
\.


--
-- Data for Name: django_content_type; Type: TABLE DATA; Schema: public; Owner: -
--

COPY public.django_content_type (id, app_label, model) FROM stdin;
1	admin	logentry
2	auth	group
3	auth	permission
4	contenttypes	contenttype
5	sessions	session
6	sites	site
7	account	emailaddress
8	account	emailconfirmation
9	socialaccount	socialaccount
10	socialaccount	socialapp
11	socialaccount	socialtoken
12	survey	alert
13	survey	incentive
14	survey	location
15	survey	organization
16	survey	survey
17	survey	surveyresponse
18	survey	user
19	survey	nfctag
20	survey	surveyset
21	survey	incentivewin
\.


--
-- Data for Name: django_migrations; Type: TABLE DATA; Schema: public; Owner: -
--

COPY public.django_migrations (id, app, name, applied) FROM stdin;
1	contenttypes	0001_initial	2026-03-23 02:34:41.817294+00
2	contenttypes	0002_remove_content_type_name	2026-03-23 02:34:41.863776+00
3	auth	0001_initial	2026-03-23 02:34:42.041012+00
4	auth	0002_alter_permission_name_max_length	2026-03-23 02:34:42.073636+00
5	auth	0003_alter_user_email_max_length	2026-03-23 02:34:42.098053+00
6	auth	0004_alter_user_username_opts	2026-03-23 02:34:42.127698+00
7	auth	0005_alter_user_last_login_null	2026-03-23 02:34:42.156683+00
8	auth	0006_require_contenttypes_0002	2026-03-23 02:34:42.183081+00
9	auth	0007_alter_validators_add_error_messages	2026-03-23 02:34:42.212945+00
10	auth	0008_alter_user_username_max_length	2026-03-23 02:34:42.243061+00
11	auth	0009_alter_user_last_name_max_length	2026-03-23 02:34:42.27282+00
12	auth	0010_alter_group_name_max_length	2026-03-23 02:34:42.322417+00
13	auth	0011_update_proxy_permissions	2026-03-23 02:34:42.34411+00
14	auth	0012_alter_user_first_name_max_length	2026-03-23 02:34:42.375593+00
15	survey	0001_initial	2026-03-23 02:34:42.926968+00
16	account	0001_initial	2026-03-23 02:34:43.055724+00
17	account	0002_email_max_length	2026-03-23 02:34:43.090454+00
18	account	0003_alter_emailaddress_create_unique_verified_email	2026-03-23 02:34:43.147204+00
19	account	0004_alter_emailaddress_drop_unique_email	2026-03-23 02:34:43.234808+00
20	account	0005_emailaddress_idx_upper_email	2026-03-23 02:34:43.280063+00
21	account	0006_emailaddress_lower	2026-03-23 02:34:43.340303+00
22	account	0007_emailaddress_idx_email	2026-03-23 02:34:43.406363+00
23	account	0008_emailaddress_unique_primary_email_fixup	2026-03-23 02:34:43.459868+00
24	account	0009_emailaddress_unique_primary_email	2026-03-23 02:34:43.501729+00
25	admin	0001_initial	2026-03-23 02:34:43.603946+00
26	admin	0002_logentry_remove_auto_add	2026-03-23 02:34:43.621655+00
27	admin	0003_logentry_add_action_flag_choices	2026-03-23 02:34:43.65446+00
28	sessions	0001_initial	2026-03-23 02:34:43.727479+00
29	sites	0001_initial	2026-03-23 02:34:43.755611+00
30	sites	0002_alter_domain_unique	2026-03-23 02:34:43.801238+00
31	socialaccount	0001_initial	2026-03-23 02:34:44.044608+00
32	socialaccount	0002_token_max_lengths	2026-03-23 02:34:44.108674+00
33	socialaccount	0003_extra_data_default_dict	2026-03-23 02:34:44.135232+00
34	socialaccount	0004_app_provider_id_settings	2026-03-23 02:34:44.24138+00
35	socialaccount	0005_socialtoken_nullable_app	2026-03-23 02:34:44.337284+00
36	socialaccount	0006_alter_socialaccount_extra_data	2026-03-23 02:34:44.384838+00
37	survey	0002_nfctag	2026-03-29 22:45:03.548099+00
38	survey	0003_add_alert_fields	2026-04-04 22:14:53.339243+00
39	survey	0004_add_alert_fields	2026-04-04 22:14:53.372063+00
40	survey	0005_surveyset	2026-04-04 22:14:54.200038+00
41	survey	0006_alter_survey_options_and_more	2026-04-05 16:18:25.159104+00
42	survey	0007_location_qr_enabled	2026-04-09 14:49:34.198077+00
43	survey	0008_remove_organization_alert_email_and_more	2026-04-16 22:41:58.513875+00
44	survey	0009_remove_incentive_survey_incentive_name_and_more	2026-04-21 18:45:02.085245+00
\.


--
-- Data for Name: django_session; Type: TABLE DATA; Schema: public; Owner: -
--

COPY public.django_session (session_key, session_data, expire_date) FROM stdin;
ok7dmkz3l1xlnp3i2m8cmlauihsqh8fp	.eJxVzMsOwiAQheF3YW0JdIAZXLr3GRoGBls1bdLLyvju2qQLXZ__Oy_VpW3tu22RuRuKOisQ50IS33hkbJyJ0BBiaCJ4DAFMpRbU6Zdxyg8Zd1vuabxNOk_jOg-s90Qf66KvU5Hn5Wj_Dvq09F8tFZ013EaIQtVIqZgFKgdiMhyttRUyCTquxGytUCFTXJsJnTcQ1fsDQ5lAIg:1w6rWO:CNryCgwoEkRxd9w2BPQ3xSr-RQ2A61Ms-JvzXRai9OM	2026-04-12 14:53:48.168827+00
a3kalm8k0uudrvf95nusicdep1z143cb	.eJxVzMsOwiAQheF3YW0JdIAZXLr3GRoGBls1bdLLyvju2qQLXZ__Oy_VpW3tu22RuRuKOisQ50IS33hkbJyJ0BBiaCJ4DAFMpRbU6Zdxyg8Zd1vuabxNOk_jOg-s90Qf66KvU5Hn5Wj_Dvq09F8tFZ013EaIQtVIqZgFKgdiMhyttRUyCTquxGytUCFTXJsJnTcQ1fsDQ5lAIg:1w9tcL:y5_u3-rFTAoXPjZx8f7kVtNw2y0F8fZ70AiTscDQmKE	2026-04-20 23:44:29.04883+00
lo3ic7cl5q8ddy85sawkpe0k9uoegd1f	.eJxVzMsOwiAQheF3YW0JdIAZXLr3GRoGBls1bdLLyvju2qQLXZ__Oy_VpW3tu22RuRuKOisQ50IS33hkbJyJ0BBiaCJ4DAFMpRbU6Zdxyg8Zd1vuabxNOk_jOg-s90Qf66KvU5Hn5Wj_Dvq09F8tFZ013EaIQtVIqZgFKgdiMhyttRUyCTquxGytUCFTXJsJnTcQ1fsDQ5lAIg:1wF0gS:ifQbtZorWPoQ_dxcX_ix7LLzIDWHAC_8Gpg8KQTB5NQ	2026-05-05 02:17:52.554407+00
\.


--
-- Data for Name: django_site; Type: TABLE DATA; Schema: public; Owner: -
--

COPY public.django_site (id, domain, name) FROM stdin;
1	example.com	example.com
\.


--
-- Data for Name: socialaccount_socialaccount; Type: TABLE DATA; Schema: public; Owner: -
--

COPY public.socialaccount_socialaccount (id, provider, uid, last_login, date_joined, extra_data, user_id) FROM stdin;
\.


--
-- Data for Name: socialaccount_socialapp; Type: TABLE DATA; Schema: public; Owner: -
--

COPY public.socialaccount_socialapp (id, provider, name, client_id, secret, key, provider_id, settings) FROM stdin;
\.


--
-- Data for Name: socialaccount_socialapp_sites; Type: TABLE DATA; Schema: public; Owner: -
--

COPY public.socialaccount_socialapp_sites (id, socialapp_id, site_id) FROM stdin;
\.


--
-- Data for Name: socialaccount_socialtoken; Type: TABLE DATA; Schema: public; Owner: -
--

COPY public.socialaccount_socialtoken (id, token, token_secret, expires_at, account_id, app_id) FROM stdin;
\.


--
-- Data for Name: survey_alert; Type: TABLE DATA; Schema: public; Owner: -
--

COPY public.survey_alert (id, rating, status, created_at, resolved_at, location_id, survey_response_id) FROM stdin;
1d8550a7-8dcb-48e1-8e93-65c8769c2cf8	2	pending	2026-03-30 00:28:08.496293+00	\N	14f868b8-3f51-41d8-9758-3457df598df8	70e12125-b0f7-4884-937e-06a846eea8b3
907bf26f-6f36-4491-a846-bbbf2701b1d3	1	pending	2026-04-04 22:23:39.227895+00	\N	138a5c4d-b9b7-4805-aeb5-bb995fa6dfc6	18fade38-0560-4239-90c3-859344957289
2d1b90ec-a2f5-4211-aaa9-616a6e528771	1	pending	2026-04-04 22:23:39.24793+00	\N	138a5c4d-b9b7-4805-aeb5-bb995fa6dfc6	1b22e706-de65-4924-985d-2ae3097ef745
55df2b6c-ba93-4097-b50e-756a48694980	1	pending	2026-04-05 21:13:43.64752+00	\N	138a5c4d-b9b7-4805-aeb5-bb995fa6dfc6	daa29f3e-09aa-4449-8947-512845f49725
eef16bb5-ec1e-437f-a1a3-c1f9998d75ad	1	pending	2026-04-05 21:13:43.669269+00	\N	138a5c4d-b9b7-4805-aeb5-bb995fa6dfc6	54caf49c-6765-4b9b-b9b7-0dfcb0b2b902
d84047f1-c8ef-4b31-959b-203b094e1ee1	2	resolved	2026-03-21 14:28:00+00	\N	27a481f2-09aa-4c66-aea2-22ab5672c74e	3e47db6a-8788-4d3a-8df1-77307d292847
f4f65f0f-1c82-4b82-b974-c364e8dfb0bd	2	pending	2026-03-21 15:23:00+00	\N	4049a106-e6e2-43ba-b6da-e209b4fb2d5c	b16241d3-5a15-4329-8609-5f95b0156871
cab72a60-ed4b-4276-97d9-0543b94dfb2f	1	resolved	2026-03-21 18:01:00+00	\N	4049a106-e6e2-43ba-b6da-e209b4fb2d5c	7de70030-270b-4d2c-82ed-7f4eca38bd02
0081a4c1-dba1-44f3-989c-0d85bdede8e0	2	resolved	2026-03-22 19:51:00+00	\N	27a481f2-09aa-4c66-aea2-22ab5672c74e	f25f0314-b36f-4adb-9335-80bf1eb13878
f4fbb021-3991-4996-841b-0f334da5591e	2	resolved	2026-03-23 18:58:00+00	\N	4049a106-e6e2-43ba-b6da-e209b4fb2d5c	fc031749-f143-4daa-b874-307e93ad5d40
83ba0436-f5a9-4c43-bb0e-413b36f6fa9d	1	pending	2026-03-23 18:58:00+00	\N	4049a106-e6e2-43ba-b6da-e209b4fb2d5c	fb79c1b9-caf0-4b7e-844c-942459fc6c58
34f70968-51dd-4fe4-b884-6529353c7a3f	2	resolved	2026-03-24 16:07:00+00	\N	4049a106-e6e2-43ba-b6da-e209b4fb2d5c	e715cff9-2b64-4f90-a144-7b13a5d67010
9dfad7d2-bee5-4259-968c-09949863d82e	2	pending	2026-03-24 21:12:00+00	\N	4049a106-e6e2-43ba-b6da-e209b4fb2d5c	d1a3a7f1-0732-4a75-b85b-cfc16db20777
2d021a3e-15ce-47df-9449-76699c076bf9	2	resolved	2026-03-25 17:46:00+00	\N	4049a106-e6e2-43ba-b6da-e209b4fb2d5c	646126f0-d5f7-469c-8163-6f781e06a129
5f299979-ad0a-431a-8a74-fc2ce8776c0e	2	resolved	2026-03-25 17:46:00+00	\N	4049a106-e6e2-43ba-b6da-e209b4fb2d5c	0005f291-3610-4149-8dec-2df67d397439
f35c9fcf-24e9-4e7c-ab97-e9559c72dd25	1	pending	2026-03-25 17:44:00+00	\N	4049a106-e6e2-43ba-b6da-e209b4fb2d5c	a47b957d-1f39-4d8c-9bb2-9b831be2024c
ac797663-4048-4cbf-bfa8-0c03c83f7243	2	pending	2026-03-25 10:13:00+00	\N	27a481f2-09aa-4c66-aea2-22ab5672c74e	3b984cb9-2cdb-4fc5-aa33-4c3054b62805
aa268b6b-2546-4bee-956b-a575783dfe9f	1	resolved	2026-03-25 20:42:00+00	\N	4049a106-e6e2-43ba-b6da-e209b4fb2d5c	74246272-5c7c-4220-9901-62efd41989ac
68630544-763b-490f-a4a9-26ebc56e3544	2	pending	2026-03-25 10:23:00+00	\N	4049a106-e6e2-43ba-b6da-e209b4fb2d5c	926da782-7088-40b8-926a-7a1f8f240ad4
9ddd5dc4-51ac-490f-a82b-ed2a55177944	1	pending	2026-03-25 11:04:00+00	\N	4049a106-e6e2-43ba-b6da-e209b4fb2d5c	c9d85a76-1961-4c83-bbed-b4d33f6cf7b0
1615130f-ea5d-4f46-9629-e714da0643a4	2	pending	2026-03-25 20:33:00+00	\N	27a481f2-09aa-4c66-aea2-22ab5672c74e	d155e752-1320-4581-8e71-8949e72f53fb
059c7a52-ce72-4ff6-b4f7-a5b3d7384def	1	pending	2026-03-26 14:12:00+00	\N	4049a106-e6e2-43ba-b6da-e209b4fb2d5c	79d95da0-cb6e-41f4-8be0-0f421153302c
a27dadc0-40ab-4a74-98a6-2e90cd2828fd	1	resolved	2026-03-26 12:18:00+00	\N	4049a106-e6e2-43ba-b6da-e209b4fb2d5c	8a3eb5cc-6bce-487e-b41e-e925e43f951f
600ea24a-9870-4854-b7c0-839ecbc0450f	2	pending	2026-03-26 10:20:00+00	\N	27a481f2-09aa-4c66-aea2-22ab5672c74e	0e0486cb-7c75-4c23-ae77-94b9e68c67ad
d933a474-3d59-4aac-abf3-08038a23b151	1	resolved	2026-03-27 07:43:00+00	\N	4049a106-e6e2-43ba-b6da-e209b4fb2d5c	1c4f489e-987d-4b22-9f51-b1bf573bbd01
26d1b3a4-38dc-4cbc-8c08-9ab00d4716b4	2	resolved	2026-03-27 21:29:00+00	\N	27a481f2-09aa-4c66-aea2-22ab5672c74e	e553d264-6b5f-4439-a6c8-c4674f1941af
9d4fad53-9ece-462f-9949-87a58a20da29	2	resolved	2026-03-28 09:43:00+00	\N	27a481f2-09aa-4c66-aea2-22ab5672c74e	185b6a42-e1b3-4430-863c-644948f42a2e
fb96c6a4-79ff-4697-87bc-00dd145601f6	2	resolved	2026-03-28 13:03:00+00	\N	27a481f2-09aa-4c66-aea2-22ab5672c74e	f3366d10-cc2e-4081-8c6b-52aed4041b50
6def625e-98c2-40df-bc05-f9f207502b77	2	pending	2026-03-28 13:32:00+00	\N	4049a106-e6e2-43ba-b6da-e209b4fb2d5c	78f51d3a-0a18-40d6-b0ef-e6fb44156a28
4a19676d-ff0d-4d0d-a607-1107878d210b	1	pending	2026-03-28 20:25:00+00	\N	4049a106-e6e2-43ba-b6da-e209b4fb2d5c	fd27f3e5-38d2-42b8-a8d2-013742cae24d
b03be8dc-e0ff-4572-ac08-dfcee7ddd8ec	2	resolved	2026-03-28 12:48:00+00	\N	4049a106-e6e2-43ba-b6da-e209b4fb2d5c	667f8b76-8de4-4c6e-ac72-300dce072e90
b57b59c2-1dcc-4094-84d7-c241d88e57c7	1	pending	2026-03-28 19:37:00+00	\N	4049a106-e6e2-43ba-b6da-e209b4fb2d5c	0ad9eec2-cb10-465a-b5b4-1d9e831eb63c
f7b35775-5095-4c97-8ef6-b9d663f9653e	1	pending	2026-03-28 19:37:00+00	\N	4049a106-e6e2-43ba-b6da-e209b4fb2d5c	ba236ae8-c286-4f04-bbe1-e6969c3bccdd
e89d9fc4-64e4-48a6-9ed1-656c2752c935	1	pending	2026-03-29 19:05:00+00	\N	4049a106-e6e2-43ba-b6da-e209b4fb2d5c	cdd64e9c-7181-448d-951f-14ea6688953c
47945ff5-e90f-4d08-986b-c64b2d34a37d	2	pending	2026-03-30 07:34:00+00	\N	27a481f2-09aa-4c66-aea2-22ab5672c74e	4890bc7e-35e4-460a-b22c-9a13c4db55c9
226642df-5fb9-4159-b5da-db9c0b98fdaf	1	resolved	2026-03-30 15:09:00+00	\N	4049a106-e6e2-43ba-b6da-e209b4fb2d5c	63b1017c-4a97-4a6c-9f7d-c969ea08f57b
42d6a2ff-ee87-4c85-8f71-e24dfbf3a814	2	resolved	2026-03-30 18:26:00+00	\N	27a481f2-09aa-4c66-aea2-22ab5672c74e	9282a25d-10b5-4e1d-a302-899f5909359b
91f8f870-b7c1-4c9a-97ba-1cc5c195188b	2	pending	2026-03-31 11:22:00+00	\N	27a481f2-09aa-4c66-aea2-22ab5672c74e	bacc0139-563d-4e3e-821e-6ba5499d50f6
87b3d33e-e04c-4dc8-a5ee-5c1d8e21a446	2	resolved	2026-03-31 13:29:00+00	\N	4049a106-e6e2-43ba-b6da-e209b4fb2d5c	6ed68193-a000-47c4-9bf9-321bd0c5121e
bec890ae-7daa-4502-877e-1b634689a77a	2	resolved	2026-03-31 18:46:00+00	\N	4049a106-e6e2-43ba-b6da-e209b4fb2d5c	2764d729-bed6-4760-973e-036fabfb8735
1a9ea1af-77b7-43b8-a88a-504c853f3be7	2	pending	2026-04-01 15:06:00+00	\N	27a481f2-09aa-4c66-aea2-22ab5672c74e	94efea4b-b2d2-441b-8693-5e72c2b48da2
4fe9b734-b43b-4169-ac15-7ced13d9bfca	1	resolved	2026-04-01 17:24:00+00	\N	4049a106-e6e2-43ba-b6da-e209b4fb2d5c	0839d9e7-e3d8-4803-a9e4-c4338f5a2c2a
13727cda-1afd-4038-b2e4-f53e42783de9	2	pending	2026-04-01 17:24:00+00	\N	4049a106-e6e2-43ba-b6da-e209b4fb2d5c	584f02ca-e9da-4c1b-8533-def6e5ef9a09
69e22dc1-a26b-49b0-9be0-ae809a07d4ca	2	pending	2026-04-02 08:05:00+00	\N	4049a106-e6e2-43ba-b6da-e209b4fb2d5c	6e3171c3-cd6e-4fb0-a2ac-51e3037fdd16
2ce40f13-e704-4b5d-875d-91ea0c5bbe57	2	pending	2026-04-03 16:28:00+00	\N	4049a106-e6e2-43ba-b6da-e209b4fb2d5c	caaffbf9-51b3-4983-89a6-c807dc42b2c6
0508b4cc-7670-49d0-8105-5f9f6d945a7c	2	pending	2026-04-03 17:42:00+00	\N	27a481f2-09aa-4c66-aea2-22ab5672c74e	5338f1b2-aba0-4df7-848a-f828fe793792
350c3101-726a-433f-b855-10a81e7cc8f6	2	resolved	2026-04-03 09:05:00+00	\N	4049a106-e6e2-43ba-b6da-e209b4fb2d5c	4771b357-7948-4315-a3cb-9dc0307165d6
c6b1aafa-475a-49f6-bade-7f4763f7c59a	1	resolved	2026-04-03 07:30:00+00	\N	4049a106-e6e2-43ba-b6da-e209b4fb2d5c	74b1146e-116d-42e7-88b7-09c8e708328f
97396da4-a4c6-45f2-b3e8-1b68ab57533b	1	pending	2026-04-03 20:30:00+00	\N	27a481f2-09aa-4c66-aea2-22ab5672c74e	8795c149-c557-4303-a629-eb6fb0c1a5e2
d4a36144-9071-4712-9153-e79363fa4158	2	pending	2026-04-04 14:29:00+00	\N	4049a106-e6e2-43ba-b6da-e209b4fb2d5c	c296e4b8-bcea-4a17-8905-4e608340a7a7
f3878615-721e-4ad8-b52c-a1720231e9a3	2	pending	2026-04-05 16:04:00+00	\N	4049a106-e6e2-43ba-b6da-e209b4fb2d5c	109d1173-5c54-4a2b-8ed9-b579e577f447
2c4a2614-8ed6-438a-b628-954a9bf8d0fb	2	pending	2026-04-05 08:28:00+00	\N	27a481f2-09aa-4c66-aea2-22ab5672c74e	03ebe785-448a-43a4-ad3d-b6f0f5c77cc6
4304d02b-f07f-432b-9914-59978ef5e9db	1	pending	2026-04-06 19:26:00+00	\N	4049a106-e6e2-43ba-b6da-e209b4fb2d5c	f79122fc-3e7f-4f43-a4fb-941854dc388c
48702560-718a-4de5-b3d0-b8d5fc54cd5d	2	pending	2026-04-06 15:05:00+00	\N	27a481f2-09aa-4c66-aea2-22ab5672c74e	5a1e8a20-1d29-4fea-a63c-914ff6ed9493
d801f22b-c4f1-4a08-b6b9-62e377213745	2	pending	2026-04-06 13:37:00+00	\N	4049a106-e6e2-43ba-b6da-e209b4fb2d5c	9b110609-cca4-43ba-a189-2245565487b7
020af54f-f5cf-477a-ac38-c993e1a42fa2	2	resolved	2026-04-06 15:42:00+00	\N	27a481f2-09aa-4c66-aea2-22ab5672c74e	a6d555be-d699-4e31-a056-15675cf36e74
ce4155a3-9ce4-4dbf-bb0f-dd71d98d9fec	1	pending	2026-04-06 12:54:00+00	\N	27a481f2-09aa-4c66-aea2-22ab5672c74e	9082a89e-df3e-407c-bea4-3c52cd580211
eaa9d53c-b6ca-48b1-9426-1000bf92200d	1	resolved	2026-04-07 09:11:00+00	\N	27a481f2-09aa-4c66-aea2-22ab5672c74e	b96e0933-4484-4902-9b6a-b73adf7f46a3
96dc5956-fdd1-47f2-8ff0-ef890ab88298	2	pending	2026-04-07 07:21:00+00	\N	27a481f2-09aa-4c66-aea2-22ab5672c74e	7acf366d-a518-47eb-a5c5-17f71f135ea1
c7dab92e-74a8-48b7-a584-de8ecee7dd0f	2	resolved	2026-04-07 15:11:00+00	\N	4049a106-e6e2-43ba-b6da-e209b4fb2d5c	ad482660-3a45-44b5-8629-edf5830c6dcf
3831a039-2070-48b3-b16e-35ce0f1ce3f3	1	resolved	2026-04-08 18:16:00+00	\N	4049a106-e6e2-43ba-b6da-e209b4fb2d5c	d782bca3-ef90-45fb-bbd2-ea77e1c5c94f
90a22cde-b5b9-4fd4-a0cd-d2de5199cd81	2	pending	2026-04-08 17:56:00+00	\N	4049a106-e6e2-43ba-b6da-e209b4fb2d5c	93860aaf-57b0-4bd8-8c2e-31a0d3d45e0b
300953a3-9033-4ef7-a4e8-1bb1cf00da76	1	pending	2026-04-08 19:39:00+00	\N	27a481f2-09aa-4c66-aea2-22ab5672c74e	e31d6a24-03c1-4ad2-8408-3553adf2df09
ba8d94ab-9a70-43a9-99b1-ccdcf2b5d5a0	2	resolved	2026-04-08 18:44:00+00	\N	27a481f2-09aa-4c66-aea2-22ab5672c74e	beca0f48-f35f-40c3-a3fc-161df77116ed
4bf8b2e9-ece2-4a39-b758-086ad75f3e96	1	resolved	2026-04-09 20:07:00+00	\N	4049a106-e6e2-43ba-b6da-e209b4fb2d5c	ecd02bba-ee67-42f8-b11f-86f26adcc8fc
64cd8d0d-24a3-45d0-8e63-f1ceeb96ac4f	2	resolved	2026-04-09 10:49:00+00	\N	27a481f2-09aa-4c66-aea2-22ab5672c74e	f28baba6-2b64-4b7c-a07a-2f606335c93d
1f30a991-60dc-4397-811e-57ee75bc4236	2	resolved	2026-04-09 21:36:00+00	\N	4049a106-e6e2-43ba-b6da-e209b4fb2d5c	ea5fee1e-c188-47fa-918b-cd728f7bd884
b9552a69-6c4b-442d-aa20-5911b96f39c5	1	pending	2026-04-09 18:19:00+00	\N	4049a106-e6e2-43ba-b6da-e209b4fb2d5c	1eee0be5-f576-435b-97d4-539e26773d4f
549c0dc2-8029-4355-a5e2-9a886aeae93d	2	resolved	2026-04-09 16:43:00+00	\N	4049a106-e6e2-43ba-b6da-e209b4fb2d5c	688f112a-a9ed-4c21-ba79-007377125d05
ab4619c2-1660-4c42-9667-91b9cef28213	2	resolved	2026-04-10 21:12:00+00	\N	27a481f2-09aa-4c66-aea2-22ab5672c74e	b239e3ee-48da-4c17-b622-71e6f9e1f998
fadfcabf-2092-4fdd-bbfc-4277142f5ee4	2	pending	2026-04-10 17:02:00+00	\N	27a481f2-09aa-4c66-aea2-22ab5672c74e	a31313d1-d7e4-431b-96a7-be6fb2562126
32df090c-afc1-48c3-88d3-9a1055b7ba30	2	resolved	2026-04-10 21:58:00+00	\N	4049a106-e6e2-43ba-b6da-e209b4fb2d5c	8e2e66f2-f1e0-43b4-b406-494dee208fec
1a0ac773-947b-492d-8da0-bf90a04356dc	2	pending	2026-04-10 19:37:00+00	\N	4049a106-e6e2-43ba-b6da-e209b4fb2d5c	2adc6e7e-55ba-4e37-a6ba-9fcf57cdddec
631369d9-1120-4d2f-9b19-990fed58738e	2	resolved	2026-04-10 10:05:00+00	\N	4049a106-e6e2-43ba-b6da-e209b4fb2d5c	fe3a9372-d861-4d05-a404-02beb610eeed
90976526-0622-4ae0-bc7a-da88278a2729	2	pending	2026-04-10 17:22:00+00	\N	4049a106-e6e2-43ba-b6da-e209b4fb2d5c	2482a05a-0efe-476f-b4a5-ffda2c6be640
3356191a-0715-4261-9a48-f0b361706cae	2	pending	2026-04-10 09:43:00+00	\N	4049a106-e6e2-43ba-b6da-e209b4fb2d5c	002652a8-7dea-4ab2-84f1-9baac20aa60f
a97a069e-671d-430a-bb23-758a4c39b4a1	2	pending	2026-04-11 09:48:00+00	\N	4049a106-e6e2-43ba-b6da-e209b4fb2d5c	1d39fa48-965d-4160-b651-ba6bc81b798c
19c84276-07e7-47e2-9828-4f1be3fc9c04	2	pending	2026-04-11 11:11:00+00	\N	cb70957f-1f1d-4126-a1a0-188cd8d78681	67d27b83-59de-479b-b63f-f7e0bb4fae72
6308e935-3071-40f2-870e-feb16fe9085e	2	resolved	2026-04-11 19:48:00+00	\N	27a481f2-09aa-4c66-aea2-22ab5672c74e	cc5f5bd1-9bf2-4c86-9110-0e46ec761313
daec3a53-384f-4eb5-ba03-e6f053f5a13c	2	resolved	2026-04-11 20:46:00+00	\N	4049a106-e6e2-43ba-b6da-e209b4fb2d5c	11fb9208-44df-4c3e-a48c-8c929e637223
a5ca0bbc-c0d6-49fb-af63-556db35c226c	1	resolved	2026-04-12 08:16:00+00	\N	4049a106-e6e2-43ba-b6da-e209b4fb2d5c	79919834-cf28-40a0-8948-00e0899d8aa9
0cd0ed86-75ab-4736-ad3e-f6807d342b33	2	pending	2026-04-12 08:58:00+00	\N	4049a106-e6e2-43ba-b6da-e209b4fb2d5c	2c4246c9-e59e-4582-b952-e2b11e3a523e
88c9bc56-b733-494b-a21d-e720342d0a12	2	pending	2026-04-12 19:10:00+00	\N	27a481f2-09aa-4c66-aea2-22ab5672c74e	b529ee74-b6c3-4003-9156-13b549215e2a
a5733aac-7b8f-4578-ab12-8e9175533ead	2	resolved	2026-04-12 10:16:00+00	\N	27a481f2-09aa-4c66-aea2-22ab5672c74e	f27f3fde-42b0-4f36-afb1-0e7b17a8b0da
7dd524cb-7374-4261-a9cd-cadfd3efded4	2	resolved	2026-04-12 10:16:00+00	\N	27a481f2-09aa-4c66-aea2-22ab5672c74e	b25ae31c-c5a5-4eb2-b665-3f9e6a10b320
7e7a5e84-74aa-4558-8b19-33544aaaf62e	2	resolved	2026-04-12 10:52:00+00	\N	27a481f2-09aa-4c66-aea2-22ab5672c74e	abe3bb66-aa4f-4b8a-9bbe-e395c1a501da
3316763c-6bc2-4b44-8fdb-801d8d1ea95a	2	pending	2026-04-12 18:35:00+00	\N	27a481f2-09aa-4c66-aea2-22ab5672c74e	38107b59-fad1-4a77-9004-f9356f6a3568
6da14890-1ec0-4de5-90b8-1d8e002f9ba7	2	pending	2026-04-13 17:34:00+00	\N	27a481f2-09aa-4c66-aea2-22ab5672c74e	20889b59-ad38-4a7e-8b09-24f5f1001afc
c3e5458c-4ab5-4853-b650-a68aff52f91e	2	resolved	2026-04-15 07:08:00+00	\N	4049a106-e6e2-43ba-b6da-e209b4fb2d5c	819a8b0c-cd8d-444f-a8ce-e04e92e12a1c
31eb2fb7-1b51-4df8-8f2b-5c41862e41d4	2	resolved	2026-04-15 13:49:00+00	\N	27a481f2-09aa-4c66-aea2-22ab5672c74e	caccaff8-8f94-4f9b-b5cd-914187c13adc
4281d386-3da3-4195-bb4b-954c8ce9d129	2	resolved	2026-04-15 11:08:00+00	\N	4049a106-e6e2-43ba-b6da-e209b4fb2d5c	13212614-571a-4677-b9e7-3c85accea279
123beadd-c419-4c05-a113-9bd7235f7594	1	resolved	2026-04-15 11:08:00+00	\N	4049a106-e6e2-43ba-b6da-e209b4fb2d5c	8af26d92-3714-4a8a-afaa-148141df5c17
ae83ce9e-0b69-4054-aa4f-40b6d26557c2	2	pending	2026-04-15 18:19:00+00	\N	4049a106-e6e2-43ba-b6da-e209b4fb2d5c	27ccdade-466b-40ac-bc95-24cb5b02aaba
0bdea34c-17a5-4dd6-8dc8-9e592e46a06e	1	pending	2026-04-16 16:43:00+00	\N	4049a106-e6e2-43ba-b6da-e209b4fb2d5c	47912541-3fd8-4870-a926-a5b7ed1069f3
5ab89c71-0b61-4057-af88-ecc5693db65b	2	pending	2026-04-16 07:27:00+00	\N	4049a106-e6e2-43ba-b6da-e209b4fb2d5c	4cfde42e-ff37-497c-a04b-0c6fff6d7939
1c859fe7-670d-469d-b594-fd98e444058d	1	pending	2026-04-16 07:21:00+00	\N	4049a106-e6e2-43ba-b6da-e209b4fb2d5c	940ff552-6102-4db7-b6e8-1fdf1047257c
77b583a1-245a-4bf5-a066-9a873d0a45ac	2	resolved	2026-04-16 07:21:00+00	\N	4049a106-e6e2-43ba-b6da-e209b4fb2d5c	d0d9d12c-4c89-456b-9545-4576f754cae6
d055fd65-309e-4dbf-a288-8d759c652af7	1	resolved	2026-04-16 12:05:00+00	\N	4049a106-e6e2-43ba-b6da-e209b4fb2d5c	8ca44412-4824-4fb9-b184-8a8e57c1d165
14de1f82-cae5-4a37-ac9a-da1999a16f1d	2	pending	2026-04-16 13:11:00+00	\N	27a481f2-09aa-4c66-aea2-22ab5672c74e	638b67fd-d423-4dcb-9539-762f71bbdc69
3f912921-a165-4c06-9cbb-cec7b3c8c737	1	pending	2026-04-16 19:46:00+00	\N	4049a106-e6e2-43ba-b6da-e209b4fb2d5c	054c7fbc-07e3-4fc1-8e4e-f367c4deac1e
643e928b-227c-47a6-8bdd-a5f139a8eda6	2	pending	2026-04-16 14:33:00+00	\N	4049a106-e6e2-43ba-b6da-e209b4fb2d5c	ccd2f588-6e05-4d61-8eb4-f0e3143abb53
00d113ab-0dba-4647-b02d-7f2227f254c5	2	pending	2026-04-16 14:33:00+00	\N	4049a106-e6e2-43ba-b6da-e209b4fb2d5c	edd4bb77-b9c0-4f77-9b06-464376289a29
ae2df8b3-11cd-48e6-aef8-ff5ade93d2c2	2	resolved	2026-04-17 08:02:00+00	\N	27a481f2-09aa-4c66-aea2-22ab5672c74e	35a9bbad-7eb8-4e26-b6ea-b3904adadd65
f7904030-602f-4b7b-847d-185f04194265	2	pending	2026-04-17 11:31:00+00	\N	4049a106-e6e2-43ba-b6da-e209b4fb2d5c	c102a2a3-86a7-4f12-ba0a-471637986948
7c697da2-bb0e-4e86-89c6-e697197f85e8	2	resolved	2026-04-17 11:31:00+00	\N	4049a106-e6e2-43ba-b6da-e209b4fb2d5c	44cc0850-99b9-430d-bbef-84d94b37f277
2392a107-f49c-431c-90ba-34cd9661ffb1	2	resolved	2026-04-18 13:38:00+00	\N	4049a106-e6e2-43ba-b6da-e209b4fb2d5c	049f743c-8fd6-4329-9289-39b95ff38fad
bc10dc79-2808-44c5-b4a9-812fc9bd799a	2	resolved	2026-04-18 21:26:00+00	\N	cb70957f-1f1d-4126-a1a0-188cd8d78681	85af2dd2-8ba0-4c1f-9e2e-4686a5da855d
57f1152e-7b4f-4032-a856-42a378245eee	2	resolved	2026-04-18 11:42:00+00	\N	27a481f2-09aa-4c66-aea2-22ab5672c74e	db35235c-61eb-4b73-a360-9daaded6de48
17f323ee-519a-4eaa-af9e-37a5a53fc06d	2	resolved	2026-04-18 21:18:00+00	\N	27a481f2-09aa-4c66-aea2-22ab5672c74e	c02ff7b0-6c0b-4411-97bb-57d793f12e45
425afa3a-2fa7-4db8-b670-8fd00d8b96d0	1	resolved	2026-04-19 18:42:00+00	\N	4049a106-e6e2-43ba-b6da-e209b4fb2d5c	35139a9d-b71a-4906-b5bd-838afda2f1b0
65afd367-0ba5-4c3b-bb26-2fa361f90f6e	2	pending	2026-04-19 17:49:00+00	\N	4049a106-e6e2-43ba-b6da-e209b4fb2d5c	076d9ccd-8ab2-4e70-8796-753c9ac0c0e2
23a45172-c5cd-4b66-9d40-50a7ef64be29	1	pending	2026-04-19 20:48:00+00	\N	4049a106-e6e2-43ba-b6da-e209b4fb2d5c	9defefe9-e620-4216-bec8-f54dd979cf86
\.


--
-- Data for Name: survey_incentive; Type: TABLE DATA; Schema: public; Owner: -
--

COPY public.survey_incentive (id, active, win_rate, prize_text, email_subject, email_body, created_at, name, organization_id, survey_set_id) FROM stdin;
1dfa4ca2-7a6c-40a1-8a28-eca6da77fa68	t	100	Free coffee	You won a prize!		2026-04-21 22:43:15.106799+00	Free Coffee	7d2295b6-4a07-4e94-b505-3a0f51285f37	\N
\.


--
-- Data for Name: survey_incentivewin; Type: TABLE DATA; Schema: public; Owner: -
--

COPY public.survey_incentivewin (id, code, email, marketing_opt_in, redeemed_at, created_at, incentive_id, redeemed_by_id, survey_response_id) FROM stdin;
a1b61365-235a-4eb9-aa9b-6470951a3337	ZIM4SIT9		f	\N	2026-04-21 22:44:18.913904+00	1dfa4ca2-7a6c-40a1-8a28-eca6da77fa68	\N	598834fb-8a4a-4654-a684-3bd78dab5f03
a4fd7c02-08d6-4ff1-a907-d83f3aaf62e4	KA7LN2HR		f	2026-04-22 00:05:42.060277+00	2026-04-22 00:03:48.869881+00	1dfa4ca2-7a6c-40a1-8a28-eca6da77fa68	79737fb7-c847-4b82-a721-452bcca35a43	73543df9-f400-499c-a88e-b6cc6ab415d4
ca6bc2fd-0797-4fbd-a510-9eb83874eb8d	K1FOLROQ		f	\N	2026-04-22 00:07:36.837764+00	1dfa4ca2-7a6c-40a1-8a28-eca6da77fa68	\N	c7c91e89-d4bd-46d6-8bae-a7b275a83556
f9cadf28-c33e-4989-8c79-9240810e4f5f	H5RG0Y0W		f	\N	2026-04-22 00:33:01.636597+00	1dfa4ca2-7a6c-40a1-8a28-eca6da77fa68	\N	311dafc7-0e77-4c29-bc86-789955d0f8af
b215596a-2f09-4d72-a2e0-e24cb951b0bd	870FHI8C		f	\N	2026-04-22 00:33:12.683883+00	1dfa4ca2-7a6c-40a1-8a28-eca6da77fa68	\N	8fae2784-fe17-477c-b4b2-cdcfa8c440ed
d565751e-42a1-4d49-867e-0c00541a79dd	KZXXWMC9		f	\N	2026-04-22 00:35:31.115126+00	1dfa4ca2-7a6c-40a1-8a28-eca6da77fa68	\N	b15b99db-23f9-400b-962a-149c7bc4f09c
bba92d64-8ad3-462d-a63f-088246a9163e	PM4YUCPW		f	\N	2026-04-22 00:39:48.105629+00	1dfa4ca2-7a6c-40a1-8a28-eca6da77fa68	\N	16e9215d-f086-4b18-a192-97354367ecc7
8418e7b5-10e1-4930-9548-eb50a1ceed12	P1Q1NY69		f	\N	2026-04-22 00:42:14.137051+00	1dfa4ca2-7a6c-40a1-8a28-eca6da77fa68	\N	33ec3dfe-5613-45b9-8360-a0ba5720d3fc
\.


--
-- Data for Name: survey_location; Type: TABLE DATA; Schema: public; Owner: -
--

COPY public.survey_location (id, name, floor, active, nfc_url, created_at, organization_id, survey_set_id, qr_enabled) FROM stdin;
66388383-bbd7-4fa7-ad17-d7c8c7a8d572	Restroom 1		t	https://yourdomain.com/s/66388383-bbd7-4fa7-ad17-d7c8c7a8d572	2026-03-23 03:14:30.330268+00	02421dbc-9a6b-49fc-9702-7ade5a3f9d7b	fc58e7b7-4f18-48d0-84b7-3be97cac8993	f
235cccf3-295b-4814-8808-48222652ecde	Main Lobby		t	https://yourdomain.com/s/235cccf3-295b-4814-8808-48222652ecde	2026-03-23 11:20:24.656788+00	02421dbc-9a6b-49fc-9702-7ade5a3f9d7b	48c999b2-335e-4af8-878e-6173e1436089	f
b53ef1b6-00db-451a-87db-badf058dd569	Restroom 2		t	https://yourdomain.com/s/b53ef1b6-00db-451a-87db-badf058dd569	2026-03-23 11:20:39.758629+00	02421dbc-9a6b-49fc-9702-7ade5a3f9d7b	50859d24-73eb-44dd-aa19-af5f591fbc4a	f
14f868b8-3f51-41d8-9758-3457df598df8	Location 2		t	https://taprate.app/s/14f868b8-3f51-41d8-9758-3457df598df8	2026-03-29 23:20:36.297518+00	859305a8-ea0e-4778-8d1c-f4a1c548bebf	ea28208d-1532-4d6d-a6fd-8882ccf68b8a	f
85b8ccf5-c4e1-4a24-940a-5ce42386168b	Test 1		t	https://taprate.app/s/85b8ccf5-c4e1-4a24-940a-5ce42386168b	2026-03-29 23:13:03.753939+00	859305a8-ea0e-4778-8d1c-f4a1c548bebf	ea28208d-1532-4d6d-a6fd-8882ccf68b8a	f
6f3fcfa8-4938-4022-b738-882016a42fa1	My room 2		t	https://taprate.app/s/6f3fcfa8-4938-4022-b738-882016a42fa1	2026-03-30 00:25:33.975477+00	859305a8-ea0e-4778-8d1c-f4a1c548bebf	af630d83-642e-4de2-a841-dc03597aaf18	f
e7c77f21-15ab-429e-9a63-d18718ad141d	Room 3		t	https://taprate.app/s/e7c77f21-15ab-429e-9a63-d18718ad141d	2026-03-30 01:02:19.551677+00	859305a8-ea0e-4778-8d1c-f4a1c548bebf	7b6f627f-c647-4a6f-99b7-669b7c5d53ae	f
8fe04ab2-5691-4fde-90b0-e42308b2cdb9	Kitchen		t	https://taprate.app/s/8fe04ab2-5691-4fde-90b0-e42308b2cdb9	2026-03-30 13:42:40.347211+00	\N	3b52b631-f66d-4bc2-a3eb-c17378188302	f
138a5c4d-b9b7-4805-aeb5-bb995fa6dfc6	Dad's room		t	https://yourdomain.com/s/138a5c4d-b9b7-4805-aeb5-bb995fa6dfc6	2026-03-23 11:44:57.711326+00	\N	0dd8b9fd-936d-4342-b1f2-ce4922bd5a65	f
d191ac5b-a429-4a1f-a731-dcc926fb3dc8	New Test		t	https://taprate.app/s/d191ac5b-a429-4a1f-a731-dcc926fb3dc8	2026-04-04 22:52:03.349226+00	\N	0dd8b9fd-936d-4342-b1f2-ce4922bd5a65	f
20bca548-f6cd-49c7-b1fe-46450e96a31b	Multi Surveys Location		t	https://taprate.app/s/20bca548-f6cd-49c7-b1fe-46450e96a31b	2026-04-04 22:54:39.872034+00	\N	0dd8b9fd-936d-4342-b1f2-ce4922bd5a65	f
c38bce7a-a662-4f8c-9ce1-e47fe04019cf	Kitchen 1		t	https://taprate.app/s/c38bce7a-a662-4f8c-9ce1-e47fe04019cf	2026-04-05 17:14:13.469282+00	cc63055f-d3bb-44e9-8a8f-5cecc6e476da	\N	f
086532fc-ec79-4edc-bdf5-c81ad86d8f46	Entrance		t	https://taprate.app/s/086532fc-ec79-4edc-bdf5-c81ad86d8f46	2026-04-05 21:02:47.190614+00	190ac72e-492b-4b74-a372-c7c255795de2	55582f03-6f07-48f1-9e8a-f7d48015f28c	f
727277a8-5325-41d6-8025-d9f0f95b771b	Collision Center Office		t	https://taprate.app/s/727277a8-5325-41d6-8025-d9f0f95b771b	2026-04-05 22:00:56.756583+00	d8dc58ce-e229-45cf-b0ef-7a4d1dc504b9	\N	f
ff003a07-ec9b-4e3a-b8e0-e42fe7399977	Bathroom 1		t	https://taprate.app/s/ff003a07-ec9b-4e3a-b8e0-e42fe7399977	2026-04-06 23:46:08.861334+00	18554e79-60ec-4e33-8707-4877c5b91b24	\N	f
cb70957f-1f1d-4126-a1a0-188cd8d78681	Main Counter		t	https://taprate.app/s/cb70957f-1f1d-4126-a1a0-188cd8d78681	2026-04-20 19:40:36.402721+00	e31be592-717c-40be-b995-3c876950dda6	e4ad093c-3c23-491c-8b32-0fbc2ebece70	f
27a481f2-09aa-4c66-aea2-22ab5672c74e	Drive-Through		t	https://taprate.app/s/27a481f2-09aa-4c66-aea2-22ab5672c74e	2026-04-20 19:40:36.443952+00	e31be592-717c-40be-b995-3c876950dda6	e4ad093c-3c23-491c-8b32-0fbc2ebece70	f
4223895b-aa07-42c3-a090-a9deb20d497d	Patio		t	https://taprate.app/s/4223895b-aa07-42c3-a090-a9deb20d497d	2026-04-20 19:40:36.484592+00	e31be592-717c-40be-b995-3c876950dda6	e4ad093c-3c23-491c-8b32-0fbc2ebece70	f
4049a106-e6e2-43ba-b6da-e209b4fb2d5c	Restrooms		t	https://taprate.app/s/4049a106-e6e2-43ba-b6da-e209b4fb2d5c	2026-04-20 19:40:36.526067+00	e31be592-717c-40be-b995-3c876950dda6	e4ad093c-3c23-491c-8b32-0fbc2ebece70	f
fe638d10-8bd8-4e25-9304-9649e9bd3c89	Location One		t	https://taprate.app/s/fe638d10-8bd8-4e25-9304-9649e9bd3c89	2026-04-20 21:33:47.927711+00	7d2295b6-4a07-4e94-b505-3a0f51285f37	d4aab498-ace9-4d7e-84c2-f728734bc203	t
e56e09c1-26f7-40be-a807-7b5283d953b3	My new location		t	https://taprate.app/s/e56e09c1-26f7-40be-a807-7b5283d953b3	2026-04-21 02:35:17.114577+00	05676a21-29a4-4d44-be49-cf625c5acc75	f3cf2ff7-dfcd-499f-9a5b-4d4a288b4461	f
\.


--
-- Data for Name: survey_nfctag; Type: TABLE DATA; Schema: public; Owner: -
--

COPY public.survey_nfctag (id, claimed_at, created_at, location_id, organization_id) FROM stdin;
fe6b428e-5e3a-41fb-9918-e8a928070bac	2026-04-21 22:48:52.710528+00	2026-04-17 02:33:16.342175+00	fe638d10-8bd8-4e25-9304-9649e9bd3c89	7d2295b6-4a07-4e94-b505-3a0f51285f37
ef6b6717-55f2-4f95-99b6-6383dcbbf07e	\N	2026-04-17 02:33:16.384826+00	\N	\N
813dca65-c8f2-40cb-9131-f9952a9fb5f2	\N	2026-04-17 02:33:16.420553+00	\N	\N
6541c5d1-dac3-4973-84c4-c08645a19f34	\N	2026-04-17 02:33:16.456378+00	\N	\N
f1e90f44-3037-4f36-8553-89813179a401	\N	2026-04-17 02:33:16.492081+00	\N	\N
cefaed31-5691-49ac-8ce2-491256f678dc	\N	2026-04-17 02:33:16.527135+00	\N	\N
dbdc8527-4709-4e0f-bd70-51c72cd33004	\N	2026-04-17 02:33:16.562247+00	\N	\N
c9742546-8159-440e-b1ab-0ad31476a72e	\N	2026-04-17 02:33:16.598103+00	\N	\N
dfa87b1c-a4f5-4bb5-aec9-6d375534cbab	\N	2026-04-17 02:33:16.633422+00	\N	\N
999ec2c2-3dcb-4e40-bf32-ddce549f0343	\N	2026-04-17 02:33:16.669087+00	\N	\N
fdcb3a14-9b88-43ae-b604-ee90dc90c740	\N	2026-04-17 02:33:16.704984+00	\N	\N
53d70e00-4103-4ef9-91a0-e533bc7b6a3f	\N	2026-04-17 02:33:16.741036+00	\N	\N
bf035b8f-9a8f-425b-a798-bd26af5fe459	\N	2026-04-17 02:33:16.780164+00	\N	\N
91bb9af4-9bed-4c8c-862a-3a306f4cd72a	\N	2026-04-17 02:33:16.8162+00	\N	\N
2c340b9d-a29b-4878-b743-491930f69d17	\N	2026-04-17 02:33:16.852084+00	\N	\N
3531e760-6ce1-4309-a6c2-a32c701b09d6	\N	2026-04-17 02:33:16.888072+00	\N	\N
e28ce9e0-135d-4738-be4c-49092755bfde	\N	2026-04-17 02:33:16.923307+00	\N	\N
c090c614-dc65-4eba-a69a-8bfbc173542f	\N	2026-04-17 02:33:16.958409+00	\N	\N
be8bc3eb-ae66-48bb-92b8-f2ac39ce45e8	\N	2026-04-17 02:33:16.993066+00	\N	\N
87e2a508-3dcf-4111-a2d7-74df00d0b2ac	\N	2026-04-17 02:33:17.027797+00	\N	\N
17db5c17-0159-4a5f-b072-59494fe2e45f	\N	2026-04-17 02:33:17.063322+00	\N	\N
55edadeb-ba26-4af2-bd66-75fdc611da2f	\N	2026-04-17 02:33:17.10385+00	\N	\N
69e9bb2c-a991-4813-b3c1-cdc877c3f4e8	\N	2026-04-17 02:33:17.139909+00	\N	\N
21c83285-b0d5-46d6-be17-e7bed11c3e26	\N	2026-04-17 02:33:17.176308+00	\N	\N
a4725103-82ed-4a84-8d27-c815240c253f	\N	2026-04-17 02:33:17.212161+00	\N	\N
323fc193-86ae-4a89-9cf2-4f84afa8b7b0	\N	2026-04-17 02:33:17.248688+00	\N	\N
f8104ef8-b0e9-4b37-b52d-6455aa6e2f40	\N	2026-04-17 02:33:17.284606+00	\N	\N
fe81acee-2355-4338-806f-2871e42d49d4	\N	2026-04-17 02:33:17.321751+00	\N	\N
ecb6e97d-a12b-45ef-95b3-f20df5c0f1c6	\N	2026-04-17 02:33:17.360524+00	\N	\N
1925fe6b-e6cd-4b2f-8c42-e5abacadbbb7	\N	2026-04-17 02:33:17.395867+00	\N	\N
894dec27-e37f-4e73-869c-2b5243bcd69b	\N	2026-04-17 02:33:17.431663+00	\N	\N
e33b3b0a-3274-43aa-8999-ee46715e1b19	\N	2026-04-17 02:33:17.466513+00	\N	\N
eb170f56-c63c-4b13-8fdc-fa902fd06ddc	\N	2026-04-17 02:33:17.501736+00	\N	\N
4538018e-fb7e-46c9-9e72-f5a810476494	\N	2026-04-17 02:33:17.537203+00	\N	\N
45d3c43c-6bbe-447b-a201-e6b91082ae2a	\N	2026-04-17 02:33:17.573476+00	\N	\N
0be86260-9008-4e6d-8ece-ac08a270d8cf	\N	2026-04-17 02:33:17.608343+00	\N	\N
a9f15c0f-9822-4ff6-993f-ef3de09a98e8	\N	2026-04-17 02:33:17.643679+00	\N	\N
f961c70f-422f-4d5e-a54b-1adaf2e67fee	\N	2026-04-17 02:33:17.679035+00	\N	\N
f9786653-5c12-4bb2-b5d2-bce84833ddc2	\N	2026-04-17 02:33:17.713895+00	\N	\N
84e9bd97-ffa9-4775-9fe6-c469f2e41cf2	\N	2026-04-17 02:33:17.750282+00	\N	\N
6a2e1f48-70d2-4fa5-8622-121ae4738ced	\N	2026-04-17 02:33:17.785184+00	\N	\N
94044c6c-523d-4522-aed3-42c112d0854a	\N	2026-04-17 02:33:17.819823+00	\N	\N
1168315c-3f4c-4108-bf2b-1c8bfc6933b2	\N	2026-04-17 02:33:17.854968+00	\N	\N
f9b9fadd-f04b-4514-aa2c-aa693b944a38	\N	2026-04-17 02:33:17.8906+00	\N	\N
bad37663-2d2e-459f-9aec-dbc90d067ded	\N	2026-04-17 02:33:17.925842+00	\N	\N
54e94dbd-9309-4e9c-962c-6113c3856859	\N	2026-04-17 02:33:17.961947+00	\N	\N
7f349e07-1644-4038-9e35-93ed94307af6	\N	2026-04-17 02:33:17.997578+00	\N	\N
9e587097-30b0-4171-aed8-c6f0efc928b5	\N	2026-04-17 02:33:18.032678+00	\N	\N
ffd4ab96-849f-4667-a7f1-fb7879525b7f	\N	2026-04-17 02:33:18.068583+00	\N	\N
55e084d7-3445-4c7a-bf76-52fa9a99078e	\N	2026-04-17 02:33:18.1038+00	\N	\N
\.


--
-- Data for Name: survey_organization; Type: TABLE DATA; Schema: public; Owner: -
--

COPY public.survey_organization (id, name, slug, brand_color, logo_url, plan, created_at, stripe_customer_id, stripe_subscription_id, subscription_status, trial_ends_at) FROM stdin;
02421dbc-9a6b-49fc-9702-7ade5a3f9d7b	Year	year	#0c0c0e		free	2026-03-23 02:49:04.967594+00				\N
859305a8-ea0e-4778-8d1c-f4a1c548bebf	Biss Inc	biss-inc	#0c0c0e		free	2026-03-29 23:07:45.969057+00				\N
cc63055f-d3bb-44e9-8a8f-5cecc6e476da	PMG	pmg	#0c0c0e		free	2026-04-05 17:08:24.21818+00				\N
d8dc58ce-e229-45cf-b0ef-7a4d1dc504b9	Vendetti Collision Center	vendetti-collision-center	#0c0c0e		free	2026-04-05 19:30:00.727547+00				\N
01246c11-4363-4dc8-8d86-26138f1e5988	PMG Presents	pmg-presents	#0c0c0e		free	2026-04-05 20:35:13.587526+00				\N
38adffaa-1aaa-4538-bae9-1a76ec3766fc	Beginnings	beginnings	#0c0c0e		free	2026-04-05 20:47:40.976885+00				\N
190ac72e-492b-4b74-a372-c7c255795de2	Test org	test-org	#0c0c0e		free	2026-04-05 21:02:11.827787+00				\N
18554e79-60ec-4e33-8707-4877c5b91b24	PMG	pmg-f93225	#0c0c0e		growth	2026-04-06 23:45:43.077746+00	cus_ULg8JAeitq1na7	sub_1TMymyHSxRGuRg4FHFRMcbPr	active	\N
e0b79e74-91dd-42a4-85a3-ae69b822ed10	Ziggy Inc	ziggy-inc	#0c0c0e		free	2026-04-17 00:04:51.591238+00				2026-05-17 00:04:51.590466+00
e31be592-717c-40be-b995-3c876950dda6	Demo Coffee Company	demo-coffee-co	#c8975a		starter	2026-04-20 19:40:36.127212+00	cus_UN7x93zm6ljv21	sub_1TONi6HSxRGuRg4FmwtBwMMU	active	\N
7d2295b6-4a07-4e94-b505-3a0f51285f37	Company A	company-a	#0c0c0e	https://public.laylo.com/resized_profile_pictures/RacTtUhmRrvjw8d0C3vIDANgn-profile-pic-1729786163363.png	free	2026-04-20 21:33:23.89844+00				2026-05-20 21:33:23.897953+00
05676a21-29a4-4d44-be49-cf625c5acc75	TapRate Admin Account	taprate-admin	#0f0fd7		free	2026-04-21 01:57:51.071292+00				\N
\.


--
-- Data for Name: survey_survey; Type: TABLE DATA; Schema: public; Owner: -
--

COPY public.survey_survey (id, question, scale_type, active, created_at, organization_id, survey_set_id, "position") FROM stdin;
fb67f7e1-a309-4f9a-be5c-cce51c45f33a	How we doin?	numbers	t	2026-03-23 03:14:13.360974+00	02421dbc-9a6b-49fc-9702-7ade5a3f9d7b	fc58e7b7-4f18-48d0-84b7-3be97cac8993	0
44da591d-4e04-4512-9ba2-18374dc73932	You're a star	stars	t	2026-03-23 11:19:57.375604+00	02421dbc-9a6b-49fc-9702-7ade5a3f9d7b	48c999b2-335e-4af8-878e-6173e1436089	0
5a82791a-3564-4c45-bacd-c568b072863e	Smile!	emoji	t	2026-03-23 11:20:09.423385+00	02421dbc-9a6b-49fc-9702-7ade5a3f9d7b	50859d24-73eb-44dd-aa19-af5f591fbc4a	0
7f9cd6e8-09fb-4bb5-87c4-68e37d492fdc	New survey	numbers	t	2026-03-23 11:44:48.419314+00	\N	f3ac9370-74c1-483f-a18d-4b0bd09bf85c	0
cbe842e3-e9d5-4fd5-b86e-79a4b1d29dbf	Test 1	numbers	t	2026-03-29 23:12:49.15915+00	859305a8-ea0e-4778-8d1c-f4a1c548bebf	af630d83-642e-4de2-a841-dc03597aaf18	0
d203e151-b896-4450-99bb-35da5397e4f3	La la	stars	t	2026-03-30 00:19:10.351764+00	859305a8-ea0e-4778-8d1c-f4a1c548bebf	7b6f627f-c647-4a6f-99b7-669b7c5d53ae	0
a8341c3d-cc78-41ca-af63-20c46990677e	Smile	emoji	t	2026-03-30 00:19:54.047534+00	859305a8-ea0e-4778-8d1c-f4a1c548bebf	ea28208d-1532-4d6d-a6fd-8882ccf68b8a	0
e5065bdf-5db3-4176-9333-8af5d3b27baf	Blah blah	numbers	t	2026-03-30 01:02:32.857025+00	859305a8-ea0e-4778-8d1c-f4a1c548bebf	eaf29850-2cb8-46c9-b11a-966ca1dc1739	0
c09488c3-6cac-4d5e-80a4-ff38311886a9	How clean is the kitchen today?	stars	t	2026-03-30 14:34:58.250824+00	\N	3b52b631-f66d-4bc2-a3eb-c17378188302	0
443e0826-1c58-4668-9781-5be1ee00e25e	First question	stars	t	2026-04-04 22:18:01.740598+00	\N	0dd8b9fd-936d-4342-b1f2-ce4922bd5a65	0
65770f4a-48b1-4086-b35b-e4461e2abb44	Second queston	stars	t	2026-04-04 22:18:01.751546+00	\N	0dd8b9fd-936d-4342-b1f2-ce4922bd5a65	1
ffdaac0d-0249-486d-bcc8-500fba63440a	Blah	stars	t	2026-04-05 21:05:06.793629+00	190ac72e-492b-4b74-a372-c7c255795de2	55582f03-6f07-48f1-9e8a-f7d48015f28c	0
1b3355a8-f4c6-4057-b2b0-9091fc645b4b	How would you rate your experience at Vendetti Collision?	stars	t	2026-04-05 22:05:48.654967+00	d8dc58ce-e229-45cf-b0ef-7a4d1dc504b9	1a6c3f93-9bcd-4d11-a508-605b204da775	0
580652ad-6805-414a-af79-b665e1d0be58	Did you receive regular updates?	stars	t	2026-04-05 22:05:48.67151+00	d8dc58ce-e229-45cf-b0ef-7a4d1dc504b9	1a6c3f93-9bcd-4d11-a508-605b204da775	1
ffc2b599-6bf9-44d0-b601-155e5a10db50	Would you recommend Vendetti Collision?	stars	t	2026-04-05 22:05:48.681602+00	d8dc58ce-e229-45cf-b0ef-7a4d1dc504b9	1a6c3f93-9bcd-4d11-a508-605b204da775	2
48ee7757-7b18-42fc-95b4-7a4208acebde	How was your visit today?	stars	t	2026-04-20 19:40:36.238123+00	e31be592-717c-40be-b995-3c876950dda6	e4ad093c-3c23-491c-8b32-0fbc2ebece70	0
6da33048-bc93-4e58-8dda-f85bbaba7bfc	How friendly was our team?	emoji	t	2026-04-20 19:40:36.278385+00	e31be592-717c-40be-b995-3c876950dda6	e4ad093c-3c23-491c-8b32-0fbc2ebece70	1
e4e47e42-3207-414c-9851-71bba8d3f33b	How would you rate your experience?	numbers	t	2026-04-20 19:40:36.360324+00	e31be592-717c-40be-b995-3c876950dda6	1b85962a-e213-4f40-a0f7-75d80dbab5d2	0
64db2eee-ee8f-4793-bafd-b09711c27097	hi there	stars	t	2026-04-21 02:35:33.766301+00	05676a21-29a4-4d44-be49-cf625c5acc75	f3cf2ff7-dfcd-499f-9a5b-4d4a288b4461	0
d3f54542-7bab-4f29-b6d0-a1564613fffa	Do you like me	numbers	t	2026-04-20 21:34:21.084094+00	7d2295b6-4a07-4e94-b505-3a0f51285f37	d4aab498-ace9-4d7e-84c2-f728734bc203	0
\.


--
-- Data for Name: survey_surveyresponse; Type: TABLE DATA; Schema: public; Owner: -
--

COPY public.survey_surveyresponse (id, rating, comment, email, incentive_won, incentive_claimed, created_at, ip_hash, device_hash, user_agent, location_id, survey_id, session_id, survey_set_id, marketing_opt_in) FROM stdin;
85b78421-eb27-4e7c-9336-8a234f3b211e	5	Ffff		f	f	2026-04-20 21:36:50.740672+00				fe638d10-8bd8-4e25-9304-9649e9bd3c89	d3f54542-7bab-4f29-b6d0-a1564613fffa	2c0f1c52-ed70-4c75-b7ef-694ad32fd279	d4aab498-ace9-4d7e-84c2-f728734bc203	f
f7640c13-8f0c-4f5a-a2f8-7694a4dffc85	4	Waited too long, expected better.		f	f	2026-03-21 13:15:00+00				4223895b-aa07-42c3-a090-a9deb20d497d	48ee7757-7b18-42fc-95b4-7a4208acebde	d52871d8-7651-4b4d-99ef-6bbd89fd00a3	e4ad093c-3c23-491c-8b32-0fbc2ebece70	f
307cba26-a3fd-49d2-be27-37811f0d6cf8	4			f	f	2026-03-21 13:15:00+00				4223895b-aa07-42c3-a090-a9deb20d497d	6da33048-bc93-4e58-8dda-f85bbaba7bfc	d52871d8-7651-4b4d-99ef-6bbd89fd00a3	e4ad093c-3c23-491c-8b32-0fbc2ebece70	f
9b1ab869-295f-4d92-8051-180d5d5e1d5c	5	Waited too long, expected better.		f	f	2026-03-21 21:45:00+00				4223895b-aa07-42c3-a090-a9deb20d497d	e4e47e42-3207-414c-9851-71bba8d3f33b	38e0302c-002d-44d8-a82a-81698c1d8e11	1b85962a-e213-4f40-a0f7-75d80dbab5d2	f
d015ba52-844a-46c6-aa9e-356fd5bb2586	5			f	f	2026-03-30 11:54:26.676717+00				14f868b8-3f51-41d8-9758-3457df598df8	a8341c3d-cc78-41ca-af63-20c46990677e	\N	ea28208d-1532-4d6d-a6fd-8882ccf68b8a	f
5c1439b6-442c-4957-97ff-1f27c73033f5	5			f	f	2026-03-30 01:01:15.581914+00				14f868b8-3f51-41d8-9758-3457df598df8	a8341c3d-cc78-41ca-af63-20c46990677e	\N	ea28208d-1532-4d6d-a6fd-8882ccf68b8a	f
70e12125-b0f7-4884-937e-06a846eea8b3	2	Ffff		f	f	2026-03-30 00:28:08.485258+00				14f868b8-3f51-41d8-9758-3457df598df8	a8341c3d-cc78-41ca-af63-20c46990677e	\N	ea28208d-1532-4d6d-a6fd-8882ccf68b8a	f
9d628e1d-f055-4744-a625-c9c20fd90272	5			f	f	2026-03-30 00:21:20.988764+00				14f868b8-3f51-41d8-9758-3457df598df8	a8341c3d-cc78-41ca-af63-20c46990677e	\N	ea28208d-1532-4d6d-a6fd-8882ccf68b8a	f
c713d98a-1dcd-4cb4-a69c-cad8ef6d5502	4	Ccfff		f	f	2026-03-30 15:04:44.345073+00				8fe04ab2-5691-4fde-90b0-e42308b2cdb9	c09488c3-6cac-4d5e-80a4-ff38311886a9	\N	3b52b631-f66d-4bc2-a3eb-c17378188302	f
b1f078a6-cff1-42c3-8df2-5faa68566a0b	3	Ya		f	f	2026-04-04 22:18:33.815181+00				138a5c4d-b9b7-4805-aeb5-bb995fa6dfc6	443e0826-1c58-4668-9781-5be1ee00e25e	bfdfaa95-cf05-4e38-a1f1-452ac232cc55	0dd8b9fd-936d-4342-b1f2-ce4922bd5a65	f
b8b39998-26c1-4019-b52d-e6134d6d231b	4			f	f	2026-04-04 22:18:33.829153+00				138a5c4d-b9b7-4805-aeb5-bb995fa6dfc6	65770f4a-48b1-4086-b35b-e4461e2abb44	bfdfaa95-cf05-4e38-a1f1-452ac232cc55	0dd8b9fd-936d-4342-b1f2-ce4922bd5a65	f
18fade38-0560-4239-90c3-859344957289	1			f	f	2026-04-04 22:23:39.218191+00				138a5c4d-b9b7-4805-aeb5-bb995fa6dfc6	443e0826-1c58-4668-9781-5be1ee00e25e	3f7fb6b3-92aa-4a44-83ba-1baeeb685102	0dd8b9fd-936d-4342-b1f2-ce4922bd5a65	f
1b22e706-de65-4924-985d-2ae3097ef745	1			f	f	2026-04-04 22:23:39.238994+00				138a5c4d-b9b7-4805-aeb5-bb995fa6dfc6	65770f4a-48b1-4086-b35b-e4461e2abb44	3f7fb6b3-92aa-4a44-83ba-1baeeb685102	0dd8b9fd-936d-4342-b1f2-ce4922bd5a65	f
c8acb1e9-28c4-4d02-b091-7c222d6fb62b	4	Hey hey		f	f	2026-04-04 22:54:02.781442+00				d191ac5b-a429-4a1f-a731-dcc926fb3dc8	443e0826-1c58-4668-9781-5be1ee00e25e	40598bb4-0a33-4378-b221-1e9a33ed6767	0dd8b9fd-936d-4342-b1f2-ce4922bd5a65	f
d5b9b484-bbab-4741-8ead-a489cd9f342b	3			f	f	2026-04-04 22:54:02.801714+00				d191ac5b-a429-4a1f-a731-dcc926fb3dc8	65770f4a-48b1-4086-b35b-e4461e2abb44	40598bb4-0a33-4378-b221-1e9a33ed6767	0dd8b9fd-936d-4342-b1f2-ce4922bd5a65	f
ecf8b277-bc37-42d0-935e-194b32144b6d	5	Yhg		f	f	2026-04-05 15:36:20.588153+00				20bca548-f6cd-49c7-b1fe-46450e96a31b	443e0826-1c58-4668-9781-5be1ee00e25e	a3522b14-3303-4ec1-a169-148a634ee4a1	0dd8b9fd-936d-4342-b1f2-ce4922bd5a65	f
fe224567-527a-4534-b270-0d53a27ba432	5			f	f	2026-04-05 15:36:20.606646+00				20bca548-f6cd-49c7-b1fe-46450e96a31b	65770f4a-48b1-4086-b35b-e4461e2abb44	a3522b14-3303-4ec1-a169-148a634ee4a1	0dd8b9fd-936d-4342-b1f2-ce4922bd5a65	f
c9eefc1c-ba07-404a-aaa4-8ad7b8514665	3			f	f	2026-04-05 21:07:55.173179+00				086532fc-ec79-4edc-bdf5-c81ad86d8f46	ffdaac0d-0249-486d-bcc8-500fba63440a	8a6e78a8-2ea1-42fe-9cda-e199570f39b6	55582f03-6f07-48f1-9e8a-f7d48015f28c	f
daa29f3e-09aa-4449-8947-512845f49725	1			f	f	2026-04-05 21:13:43.63769+00				138a5c4d-b9b7-4805-aeb5-bb995fa6dfc6	443e0826-1c58-4668-9781-5be1ee00e25e	21cd49a1-10da-42d6-be02-92477ea50af5	0dd8b9fd-936d-4342-b1f2-ce4922bd5a65	f
54caf49c-6765-4b9b-b9b7-0dfcb0b2b902	1			f	f	2026-04-05 21:13:43.659738+00				138a5c4d-b9b7-4805-aeb5-bb995fa6dfc6	65770f4a-48b1-4086-b35b-e4461e2abb44	21cd49a1-10da-42d6-be02-92477ea50af5	0dd8b9fd-936d-4342-b1f2-ce4922bd5a65	f
1774348d-df54-45f5-b609-9e070bb7712f	4			f	f	2026-04-05 21:23:59.67366+00				086532fc-ec79-4edc-bdf5-c81ad86d8f46	ffdaac0d-0249-486d-bcc8-500fba63440a	33b206ee-588e-4c73-bef3-1b6f20ba34d6	55582f03-6f07-48f1-9e8a-f7d48015f28c	f
9e2e34ef-2ebf-4465-a96a-19f124799046	5	The seating area was a bit messy.		f	f	2026-03-21 21:04:00+00				27a481f2-09aa-4c66-aea2-22ab5672c74e	48ee7757-7b18-42fc-95b4-7a4208acebde	063b7329-c454-46d2-a68f-391a74f1b30f	e4ad093c-3c23-491c-8b32-0fbc2ebece70	f
a17250ee-377f-4617-947d-71984a923861	5			f	f	2026-03-21 21:04:00+00				27a481f2-09aa-4c66-aea2-22ab5672c74e	6da33048-bc93-4e58-8dda-f85bbaba7bfc	063b7329-c454-46d2-a68f-391a74f1b30f	e4ad093c-3c23-491c-8b32-0fbc2ebece70	f
addc4390-c5ff-425f-b646-5f8a2c38faa4	4	Waited too long, expected better.		f	f	2026-03-21 13:24:00+00				cb70957f-1f1d-4126-a1a0-188cd8d78681	e4e47e42-3207-414c-9851-71bba8d3f33b	a318b658-c8e8-45b5-b24f-8c6533e8ad94	1b85962a-e213-4f40-a0f7-75d80dbab5d2	f
3e47db6a-8788-4d3a-8df1-77307d292847	2	Loved the atmosphere.		f	f	2026-03-21 14:28:00+00				27a481f2-09aa-4c66-aea2-22ab5672c74e	e4e47e42-3207-414c-9851-71bba8d3f33b	6db82c3d-757e-407a-8185-0e6aa09fe337	1b85962a-e213-4f40-a0f7-75d80dbab5d2	f
466c593c-e173-42c1-a889-dc52fa964de8	3	A bit slow today but the coffee was excellent.		f	f	2026-03-21 15:23:00+00				4049a106-e6e2-43ba-b6da-e209b4fb2d5c	48ee7757-7b18-42fc-95b4-7a4208acebde	191704b7-46cc-4902-9509-b87f62fb59d5	e4ad093c-3c23-491c-8b32-0fbc2ebece70	f
b16241d3-5a15-4329-8609-5f95b0156871	2			f	f	2026-03-21 15:23:00+00				4049a106-e6e2-43ba-b6da-e209b4fb2d5c	6da33048-bc93-4e58-8dda-f85bbaba7bfc	191704b7-46cc-4902-9509-b87f62fb59d5	e4ad093c-3c23-491c-8b32-0fbc2ebece70	f
63418465-32a8-4d75-912d-46c361f6a6fa	5			f	f	2026-03-21 18:01:00+00				4049a106-e6e2-43ba-b6da-e209b4fb2d5c	48ee7757-7b18-42fc-95b4-7a4208acebde	b9ebd4c1-da2c-4274-bfb4-96f2d776aae8	e4ad093c-3c23-491c-8b32-0fbc2ebece70	f
7de70030-270b-4d2c-82ed-7f4eca38bd02	1			f	f	2026-03-21 18:01:00+00				4049a106-e6e2-43ba-b6da-e209b4fb2d5c	6da33048-bc93-4e58-8dda-f85bbaba7bfc	b9ebd4c1-da2c-4274-bfb4-96f2d776aae8	e4ad093c-3c23-491c-8b32-0fbc2ebece70	f
a82654c1-78c3-48ac-9994-d5abd6d1aae6	3	The music was too loud.		f	f	2026-03-21 15:47:00+00				27a481f2-09aa-4c66-aea2-22ab5672c74e	e4e47e42-3207-414c-9851-71bba8d3f33b	469b4299-3fa8-461d-8947-9138b75035a0	1b85962a-e213-4f40-a0f7-75d80dbab5d2	f
3a5b2fa9-de31-4d80-b4e8-85f3e91d2b16	3	My order wasn't quite right but they fixed it quickly.		f	f	2026-03-21 11:10:00+00				4223895b-aa07-42c3-a090-a9deb20d497d	48ee7757-7b18-42fc-95b4-7a4208acebde	bf7887d2-7470-4bc7-999f-175d1b45f878	e4ad093c-3c23-491c-8b32-0fbc2ebece70	f
e17e2031-1ee4-42fa-9c35-6ac6f2beb57f	5			f	f	2026-03-21 11:10:00+00				4223895b-aa07-42c3-a090-a9deb20d497d	6da33048-bc93-4e58-8dda-f85bbaba7bfc	bf7887d2-7470-4bc7-999f-175d1b45f878	e4ad093c-3c23-491c-8b32-0fbc2ebece70	f
5d47a4e6-8c2c-4b08-ad90-374c59a08925	4	Perfect as always.		f	f	2026-03-21 12:34:00+00				27a481f2-09aa-4c66-aea2-22ab5672c74e	48ee7757-7b18-42fc-95b4-7a4208acebde	f3c72330-30a7-450b-9c3e-36b42cfd8670	e4ad093c-3c23-491c-8b32-0fbc2ebece70	f
d9363b75-7c5b-4327-a9d4-d7520a8952e0	5			f	f	2026-03-21 12:34:00+00				27a481f2-09aa-4c66-aea2-22ab5672c74e	6da33048-bc93-4e58-8dda-f85bbaba7bfc	f3c72330-30a7-450b-9c3e-36b42cfd8670	e4ad093c-3c23-491c-8b32-0fbc2ebece70	f
054935db-173e-41db-bb13-3927a21f6809	5	Loved the atmosphere.		f	f	2026-03-21 18:05:00+00				4049a106-e6e2-43ba-b6da-e209b4fb2d5c	48ee7757-7b18-42fc-95b4-7a4208acebde	34559a22-7110-4223-8b97-e2f652c3eecf	e4ad093c-3c23-491c-8b32-0fbc2ebece70	f
d16a9118-54d3-44ed-aa9a-488964cf94b2	5			f	f	2026-03-21 18:05:00+00				4049a106-e6e2-43ba-b6da-e209b4fb2d5c	6da33048-bc93-4e58-8dda-f85bbaba7bfc	34559a22-7110-4223-8b97-e2f652c3eecf	e4ad093c-3c23-491c-8b32-0fbc2ebece70	f
23bc0e6d-7fd7-4a4f-9993-1e0d805b6992	5	Perfect as always.		f	f	2026-03-21 10:28:00+00				cb70957f-1f1d-4126-a1a0-188cd8d78681	48ee7757-7b18-42fc-95b4-7a4208acebde	fbba4c02-bd98-4008-96f2-4152af695723	e4ad093c-3c23-491c-8b32-0fbc2ebece70	f
60f3d589-4c30-4771-9a03-9c8d257acc46	5			f	f	2026-03-21 10:28:00+00				cb70957f-1f1d-4126-a1a0-188cd8d78681	6da33048-bc93-4e58-8dda-f85bbaba7bfc	fbba4c02-bd98-4008-96f2-4152af695723	e4ad093c-3c23-491c-8b32-0fbc2ebece70	f
567d14b8-4882-4616-9c46-8ecb222474e8	3			f	f	2026-03-21 09:36:00+00				4049a106-e6e2-43ba-b6da-e209b4fb2d5c	e4e47e42-3207-414c-9851-71bba8d3f33b	67eeea2b-12b2-4ee1-8db4-a079c2c84101	1b85962a-e213-4f40-a0f7-75d80dbab5d2	f
2a866f0b-f571-4afc-9713-b5d015db993e	4	Friendly staff, made my morning.		f	f	2026-03-22 21:14:00+00				cb70957f-1f1d-4126-a1a0-188cd8d78681	e4e47e42-3207-414c-9851-71bba8d3f33b	d055eb2a-fc9f-4960-8595-2a552eb2c1b7	1b85962a-e213-4f40-a0f7-75d80dbab5d2	f
0984b3e0-9e89-421e-b9f8-470b771460f2	5	Perfect as always.		f	f	2026-03-22 16:46:00+00				4223895b-aa07-42c3-a090-a9deb20d497d	e4e47e42-3207-414c-9851-71bba8d3f33b	8cf16c0d-2204-4571-97fe-e134bca42fca	1b85962a-e213-4f40-a0f7-75d80dbab5d2	f
dc04d99b-a3d4-461c-848c-4ec9d1a758d0	4			f	f	2026-03-22 15:37:00+00				cb70957f-1f1d-4126-a1a0-188cd8d78681	e4e47e42-3207-414c-9851-71bba8d3f33b	ce0b7b54-0444-4a16-9649-58fcbdbdc262	1b85962a-e213-4f40-a0f7-75d80dbab5d2	f
c66299ea-a296-4f87-8280-dfd9d2af88d2	4			f	f	2026-03-22 07:16:00+00				cb70957f-1f1d-4126-a1a0-188cd8d78681	48ee7757-7b18-42fc-95b4-7a4208acebde	941e5b55-8eb6-4bd4-bf93-4086b82bc2d6	e4ad093c-3c23-491c-8b32-0fbc2ebece70	f
b15c87b6-85db-43c5-90e3-88e3f2c3faf3	4			f	f	2026-03-22 07:16:00+00				cb70957f-1f1d-4126-a1a0-188cd8d78681	6da33048-bc93-4e58-8dda-f85bbaba7bfc	941e5b55-8eb6-4bd4-bf93-4086b82bc2d6	e4ad093c-3c23-491c-8b32-0fbc2ebece70	f
70046ecd-e00f-4f2b-bf56-5b94c3882ab3	4	Really great service, will be back!		f	f	2026-03-22 09:21:00+00				4049a106-e6e2-43ba-b6da-e209b4fb2d5c	e4e47e42-3207-414c-9851-71bba8d3f33b	88c4bf5e-9b71-42c2-8256-5d6fecd33254	1b85962a-e213-4f40-a0f7-75d80dbab5d2	f
b0cd7603-b400-42f5-9ba4-eb12a11af245	4			f	f	2026-03-22 07:14:00+00				cb70957f-1f1d-4126-a1a0-188cd8d78681	e4e47e42-3207-414c-9851-71bba8d3f33b	9e55e75b-c4be-4460-888d-ed71d1139cd5	1b85962a-e213-4f40-a0f7-75d80dbab5d2	f
e417acb2-eb62-4c59-899f-e7a69a0780c4	3			f	f	2026-03-22 13:46:00+00				cb70957f-1f1d-4126-a1a0-188cd8d78681	48ee7757-7b18-42fc-95b4-7a4208acebde	c201d3b7-be7c-402c-9b86-f37684b34db6	e4ad093c-3c23-491c-8b32-0fbc2ebece70	f
0031233a-6717-40df-8f4d-153a0e9ff6c2	5			f	f	2026-03-22 13:46:00+00				cb70957f-1f1d-4126-a1a0-188cd8d78681	6da33048-bc93-4e58-8dda-f85bbaba7bfc	c201d3b7-be7c-402c-9b86-f37684b34db6	e4ad093c-3c23-491c-8b32-0fbc2ebece70	f
340b0470-14ae-44bd-a3dd-db0d220777dc	4			f	f	2026-03-22 17:38:00+00				27a481f2-09aa-4c66-aea2-22ab5672c74e	e4e47e42-3207-414c-9851-71bba8d3f33b	72a3b64c-aa8b-49d7-8dee-0f8986f6a1d6	1b85962a-e213-4f40-a0f7-75d80dbab5d2	f
ad79a1c3-deb9-42bb-a7bc-6f85a886db15	4	The seating area was a bit messy.		f	f	2026-03-22 15:30:00+00				4049a106-e6e2-43ba-b6da-e209b4fb2d5c	e4e47e42-3207-414c-9851-71bba8d3f33b	f138189d-f7cc-4c20-853a-c2b5c92c6742	1b85962a-e213-4f40-a0f7-75d80dbab5d2	f
f25f0314-b36f-4adb-9335-80bf1eb13878	2			f	f	2026-03-22 19:51:00+00				27a481f2-09aa-4c66-aea2-22ab5672c74e	e4e47e42-3207-414c-9851-71bba8d3f33b	c96cac7c-5152-4e43-9736-2126bf9dd38b	1b85962a-e213-4f40-a0f7-75d80dbab5d2	f
e9a3b975-7a0e-4833-a566-c12881f61469	4			f	f	2026-03-22 14:49:00+00				4223895b-aa07-42c3-a090-a9deb20d497d	e4e47e42-3207-414c-9851-71bba8d3f33b	c9266991-37ae-42d6-a83a-d249c88cbba5	1b85962a-e213-4f40-a0f7-75d80dbab5d2	f
f76b1621-bd1e-46ad-9f9a-d8cf79bba739	3			f	f	2026-03-22 15:16:00+00				4049a106-e6e2-43ba-b6da-e209b4fb2d5c	48ee7757-7b18-42fc-95b4-7a4208acebde	ab66fdde-dd91-4a68-a79b-43f3c8db349b	e4ad093c-3c23-491c-8b32-0fbc2ebece70	f
9c778d02-3865-4475-bb5c-713711f3ed0d	3			f	f	2026-03-22 15:16:00+00				4049a106-e6e2-43ba-b6da-e209b4fb2d5c	6da33048-bc93-4e58-8dda-f85bbaba7bfc	ab66fdde-dd91-4a68-a79b-43f3c8db349b	e4ad093c-3c23-491c-8b32-0fbc2ebece70	f
538713ac-0494-4724-9a3d-66158894bf86	4			f	f	2026-03-22 11:29:00+00				4223895b-aa07-42c3-a090-a9deb20d497d	48ee7757-7b18-42fc-95b4-7a4208acebde	7f75566d-eda2-4c0e-99d8-ff11229c439d	e4ad093c-3c23-491c-8b32-0fbc2ebece70	f
b6794624-1bff-40d5-9b9c-e687d2d9e7ef	4			f	f	2026-03-22 11:29:00+00				4223895b-aa07-42c3-a090-a9deb20d497d	6da33048-bc93-4e58-8dda-f85bbaba7bfc	7f75566d-eda2-4c0e-99d8-ff11229c439d	e4ad093c-3c23-491c-8b32-0fbc2ebece70	f
af17ea39-0818-46ce-8842-f66de7b6a3d7	5			f	f	2026-04-20 21:52:59.590613+00				fe638d10-8bd8-4e25-9304-9649e9bd3c89	d3f54542-7bab-4f29-b6d0-a1564613fffa	32b3468e-bbd1-4e16-9b20-3ead5ee4b27d	d4aab498-ace9-4d7e-84c2-f728734bc203	f
168b388e-8c9b-4803-98e7-b2360e4756e6	4			f	f	2026-03-22 08:59:00+00				cb70957f-1f1d-4126-a1a0-188cd8d78681	e4e47e42-3207-414c-9851-71bba8d3f33b	dc9eff43-9ca1-43e4-abd1-9e3e08771f75	1b85962a-e213-4f40-a0f7-75d80dbab5d2	f
81b96909-6770-4dff-be52-4f9bb9e471af	3	Perfect as always.		f	f	2026-03-22 11:51:00+00				4049a106-e6e2-43ba-b6da-e209b4fb2d5c	48ee7757-7b18-42fc-95b4-7a4208acebde	7b5f459a-6b02-4d0a-9c94-ed09bafe79de	e4ad093c-3c23-491c-8b32-0fbc2ebece70	f
4d21807c-8916-4351-aada-19b5920412b2	3			f	f	2026-03-22 11:51:00+00				4049a106-e6e2-43ba-b6da-e209b4fb2d5c	6da33048-bc93-4e58-8dda-f85bbaba7bfc	7b5f459a-6b02-4d0a-9c94-ed09bafe79de	e4ad093c-3c23-491c-8b32-0fbc2ebece70	f
17e0d812-3980-4157-b722-a0e4448b06d6	4	Really great service, will be back!		f	f	2026-03-22 15:00:00+00				4223895b-aa07-42c3-a090-a9deb20d497d	e4e47e42-3207-414c-9851-71bba8d3f33b	8dd3dd91-d443-4528-826e-641c8540544d	1b85962a-e213-4f40-a0f7-75d80dbab5d2	f
9150736b-585f-4668-85f5-3237f6ec391d	4			f	f	2026-03-23 13:17:00+00				4049a106-e6e2-43ba-b6da-e209b4fb2d5c	48ee7757-7b18-42fc-95b4-7a4208acebde	9ac496ab-170a-44d1-8919-815b75a06005	e4ad093c-3c23-491c-8b32-0fbc2ebece70	f
a9e6a314-fd27-4ffc-abce-178d8a36a376	4			f	f	2026-03-23 13:17:00+00				4049a106-e6e2-43ba-b6da-e209b4fb2d5c	6da33048-bc93-4e58-8dda-f85bbaba7bfc	9ac496ab-170a-44d1-8919-815b75a06005	e4ad093c-3c23-491c-8b32-0fbc2ebece70	f
9ded3d76-def6-4b67-905f-8424e56f8877	3			f	f	2026-03-23 15:02:00+00				4223895b-aa07-42c3-a090-a9deb20d497d	48ee7757-7b18-42fc-95b4-7a4208acebde	c22c6428-9b4e-406b-965a-f0ee6a5ca4a8	e4ad093c-3c23-491c-8b32-0fbc2ebece70	f
f0798878-b629-4834-a9d2-869de1a38570	5			f	f	2026-03-23 15:02:00+00				4223895b-aa07-42c3-a090-a9deb20d497d	6da33048-bc93-4e58-8dda-f85bbaba7bfc	c22c6428-9b4e-406b-965a-f0ee6a5ca4a8	e4ad093c-3c23-491c-8b32-0fbc2ebece70	f
0dd4e7ed-1d6e-4147-bae4-876ce88b780a	4			f	f	2026-03-23 18:06:00+00				cb70957f-1f1d-4126-a1a0-188cd8d78681	48ee7757-7b18-42fc-95b4-7a4208acebde	b8c859db-b71b-4914-b8a9-e0bb37ba99d5	e4ad093c-3c23-491c-8b32-0fbc2ebece70	f
c6bc8dc2-f96c-4b0d-8bd1-f9738e181276	5			f	f	2026-03-23 18:06:00+00				cb70957f-1f1d-4126-a1a0-188cd8d78681	6da33048-bc93-4e58-8dda-f85bbaba7bfc	b8c859db-b71b-4914-b8a9-e0bb37ba99d5	e4ad093c-3c23-491c-8b32-0fbc2ebece70	f
0d972bd4-8841-4f21-8f65-6c144318061c	4	My order wasn't quite right but they fixed it quickly.		f	f	2026-03-23 18:34:00+00				27a481f2-09aa-4c66-aea2-22ab5672c74e	e4e47e42-3207-414c-9851-71bba8d3f33b	151b9de5-4f0d-4e69-abe6-038e9296da92	1b85962a-e213-4f40-a0f7-75d80dbab5d2	f
beaa3d8a-cc5d-40d2-969e-448e3e5eda25	5	Waited too long, expected better.		f	f	2026-03-23 11:11:00+00				4049a106-e6e2-43ba-b6da-e209b4fb2d5c	e4e47e42-3207-414c-9851-71bba8d3f33b	9b6cd3e4-e7ee-455d-a9d5-b749032357cc	1b85962a-e213-4f40-a0f7-75d80dbab5d2	f
fc031749-f143-4daa-b874-307e93ad5d40	2	Loved the atmosphere.		f	f	2026-03-23 18:58:00+00				4049a106-e6e2-43ba-b6da-e209b4fb2d5c	48ee7757-7b18-42fc-95b4-7a4208acebde	a24af926-9e4b-4a38-a4d2-13974015abc5	e4ad093c-3c23-491c-8b32-0fbc2ebece70	f
fb79c1b9-caf0-4b7e-844c-942459fc6c58	1			f	f	2026-03-23 18:58:00+00				4049a106-e6e2-43ba-b6da-e209b4fb2d5c	6da33048-bc93-4e58-8dda-f85bbaba7bfc	a24af926-9e4b-4a38-a4d2-13974015abc5	e4ad093c-3c23-491c-8b32-0fbc2ebece70	f
456e9ad8-31cd-4e8c-9888-89dd4749c9f5	4	The music was too loud.		f	f	2026-03-23 12:27:00+00				cb70957f-1f1d-4126-a1a0-188cd8d78681	e4e47e42-3207-414c-9851-71bba8d3f33b	64fa7d71-922f-48e7-9d33-53842f52f5e6	1b85962a-e213-4f40-a0f7-75d80dbab5d2	f
37d25120-ab02-4c61-9258-45ec78bfe712	4	The seating area was a bit messy.		f	f	2026-03-23 10:43:00+00				4223895b-aa07-42c3-a090-a9deb20d497d	48ee7757-7b18-42fc-95b4-7a4208acebde	ef230791-8650-4b89-8bfc-f558a6ba2b46	e4ad093c-3c23-491c-8b32-0fbc2ebece70	f
996d48b8-681e-4e78-a968-38649ab0d0d8	5			f	f	2026-03-23 10:43:00+00				4223895b-aa07-42c3-a090-a9deb20d497d	6da33048-bc93-4e58-8dda-f85bbaba7bfc	ef230791-8650-4b89-8bfc-f558a6ba2b46	e4ad093c-3c23-491c-8b32-0fbc2ebece70	f
e715cff9-2b64-4f90-a144-7b13a5d67010	2	A bit slow today but the coffee was excellent.		f	f	2026-03-24 16:07:00+00				4049a106-e6e2-43ba-b6da-e209b4fb2d5c	e4e47e42-3207-414c-9851-71bba8d3f33b	720bcfc8-7e95-45d9-8860-c8ac25277e6a	1b85962a-e213-4f40-a0f7-75d80dbab5d2	f
af233962-86ae-4750-808b-ccb8d8a14816	5	Waited too long, expected better.		f	f	2026-03-24 14:16:00+00				4223895b-aa07-42c3-a090-a9deb20d497d	48ee7757-7b18-42fc-95b4-7a4208acebde	0f8fc54a-dc62-44e0-86a0-9bd4ceecd4f7	e4ad093c-3c23-491c-8b32-0fbc2ebece70	f
1aedf23f-05e9-4ee6-8d00-1c0e9e69aefe	5			f	f	2026-03-24 14:16:00+00				4223895b-aa07-42c3-a090-a9deb20d497d	6da33048-bc93-4e58-8dda-f85bbaba7bfc	0f8fc54a-dc62-44e0-86a0-9bd4ceecd4f7	e4ad093c-3c23-491c-8b32-0fbc2ebece70	f
66d6f53d-c069-4dfa-8a34-8ac5c47cfb3c	5			f	f	2026-03-24 21:02:00+00				cb70957f-1f1d-4126-a1a0-188cd8d78681	48ee7757-7b18-42fc-95b4-7a4208acebde	425ec0f9-30d9-48a8-a656-09fb98db2615	e4ad093c-3c23-491c-8b32-0fbc2ebece70	f
60bdde00-3017-48ec-b232-1e96fa48c52b	5			f	f	2026-03-24 21:02:00+00				cb70957f-1f1d-4126-a1a0-188cd8d78681	6da33048-bc93-4e58-8dda-f85bbaba7bfc	425ec0f9-30d9-48a8-a656-09fb98db2615	e4ad093c-3c23-491c-8b32-0fbc2ebece70	f
dd37e0b8-d9c2-4f5b-a16a-594f3f9f9e87	5	Friendly staff, made my morning.		f	f	2026-03-24 18:58:00+00				4223895b-aa07-42c3-a090-a9deb20d497d	48ee7757-7b18-42fc-95b4-7a4208acebde	6f1cfc4a-2bf2-4b5e-9616-9d6066a61e6b	e4ad093c-3c23-491c-8b32-0fbc2ebece70	f
80d4ed44-f0d1-4622-b694-26022128d6a9	5			f	f	2026-03-24 18:58:00+00				4223895b-aa07-42c3-a090-a9deb20d497d	6da33048-bc93-4e58-8dda-f85bbaba7bfc	6f1cfc4a-2bf2-4b5e-9616-9d6066a61e6b	e4ad093c-3c23-491c-8b32-0fbc2ebece70	f
946f3fb6-9b5c-46a4-8f69-014ce9bc31cf	4	Friendly staff, made my morning.		f	f	2026-03-24 18:18:00+00				27a481f2-09aa-4c66-aea2-22ab5672c74e	e4e47e42-3207-414c-9851-71bba8d3f33b	48b7573e-bcd0-4161-8727-3400f6d47d76	1b85962a-e213-4f40-a0f7-75d80dbab5d2	f
e3f09bf2-a405-491b-8bee-fdd00136089f	5			f	f	2026-03-24 09:02:00+00				4223895b-aa07-42c3-a090-a9deb20d497d	48ee7757-7b18-42fc-95b4-7a4208acebde	497114e1-4a84-442b-8ec1-5cec0dc3bef6	e4ad093c-3c23-491c-8b32-0fbc2ebece70	f
13494455-041e-447f-a72a-44a153d07e1b	3			f	f	2026-03-24 09:02:00+00				4223895b-aa07-42c3-a090-a9deb20d497d	6da33048-bc93-4e58-8dda-f85bbaba7bfc	497114e1-4a84-442b-8ec1-5cec0dc3bef6	e4ad093c-3c23-491c-8b32-0fbc2ebece70	f
d1a3a7f1-0732-4a75-b85b-cfc16db20777	2			f	f	2026-03-24 21:12:00+00				4049a106-e6e2-43ba-b6da-e209b4fb2d5c	e4e47e42-3207-414c-9851-71bba8d3f33b	2190e7ea-7abd-4cb5-b588-b8123c9c7bef	1b85962a-e213-4f40-a0f7-75d80dbab5d2	f
1bd56858-29e0-4692-a669-1d95562a3c9d	5	The seating area was a bit messy.		f	f	2026-03-24 21:36:00+00				4049a106-e6e2-43ba-b6da-e209b4fb2d5c	e4e47e42-3207-414c-9851-71bba8d3f33b	bd89af9b-0a43-42c1-be9a-bd71453e544e	1b85962a-e213-4f40-a0f7-75d80dbab5d2	f
44a12c51-471f-453a-a41c-ab183721ce87	4			f	f	2026-03-24 13:07:00+00				27a481f2-09aa-4c66-aea2-22ab5672c74e	48ee7757-7b18-42fc-95b4-7a4208acebde	f595f5dc-353a-4c2a-81bc-23ca41917f42	e4ad093c-3c23-491c-8b32-0fbc2ebece70	f
372b29ac-96a9-4f9d-a48b-ad6bb1f2e362	4			f	f	2026-03-24 13:07:00+00				27a481f2-09aa-4c66-aea2-22ab5672c74e	6da33048-bc93-4e58-8dda-f85bbaba7bfc	f595f5dc-353a-4c2a-81bc-23ca41917f42	e4ad093c-3c23-491c-8b32-0fbc2ebece70	f
ae5aacc7-c6e2-4110-8ff0-43a7dea0a930	5	The music was too loud.		f	f	2026-03-24 17:51:00+00				4223895b-aa07-42c3-a090-a9deb20d497d	48ee7757-7b18-42fc-95b4-7a4208acebde	32364298-4791-4dce-b1f3-9aa4f505ee6d	e4ad093c-3c23-491c-8b32-0fbc2ebece70	f
008393b6-b357-4129-a5f0-161c1fcae36f	4			f	f	2026-03-24 17:51:00+00				4223895b-aa07-42c3-a090-a9deb20d497d	6da33048-bc93-4e58-8dda-f85bbaba7bfc	32364298-4791-4dce-b1f3-9aa4f505ee6d	e4ad093c-3c23-491c-8b32-0fbc2ebece70	f
4a943a06-836f-4396-b49c-c14345cc695f	5	Friendly staff, made my morning.		f	f	2026-03-24 13:55:00+00				4223895b-aa07-42c3-a090-a9deb20d497d	48ee7757-7b18-42fc-95b4-7a4208acebde	31f64c89-7437-45c7-b64b-31c77bd01942	e4ad093c-3c23-491c-8b32-0fbc2ebece70	f
17b3e9e3-cfd0-4148-bf2e-1babb4f66378	4			f	f	2026-03-24 13:55:00+00				4223895b-aa07-42c3-a090-a9deb20d497d	6da33048-bc93-4e58-8dda-f85bbaba7bfc	31f64c89-7437-45c7-b64b-31c77bd01942	e4ad093c-3c23-491c-8b32-0fbc2ebece70	f
6f431415-b305-40c3-8445-23b0a1ddf911	3			f	f	2026-03-24 15:00:00+00				4049a106-e6e2-43ba-b6da-e209b4fb2d5c	e4e47e42-3207-414c-9851-71bba8d3f33b	93b0b6fb-920a-4bf0-80c9-9aa22dbccfdd	1b85962a-e213-4f40-a0f7-75d80dbab5d2	f
d8f893c6-a563-4625-8643-bd24d0dbe8bf	3	The music was too loud.		f	f	2026-03-24 08:09:00+00				27a481f2-09aa-4c66-aea2-22ab5672c74e	48ee7757-7b18-42fc-95b4-7a4208acebde	78f49bc2-9b5f-4ae5-b6e0-d275ab878762	e4ad093c-3c23-491c-8b32-0fbc2ebece70	f
7ec23d64-1cde-4819-91b9-87f2d9f1c9a3	4			f	f	2026-03-24 08:09:00+00				27a481f2-09aa-4c66-aea2-22ab5672c74e	6da33048-bc93-4e58-8dda-f85bbaba7bfc	78f49bc2-9b5f-4ae5-b6e0-d275ab878762	e4ad093c-3c23-491c-8b32-0fbc2ebece70	f
774273dc-8413-4df0-b34d-74f93e3764a3	3	Friendly staff, made my morning.		f	f	2026-03-24 18:53:00+00				27a481f2-09aa-4c66-aea2-22ab5672c74e	48ee7757-7b18-42fc-95b4-7a4208acebde	5b335cb8-0326-4c7f-a2c4-c8f11ae291db	e4ad093c-3c23-491c-8b32-0fbc2ebece70	f
2a4d4cd3-a063-4b63-91c9-563210c47730	4			f	f	2026-03-24 18:53:00+00				27a481f2-09aa-4c66-aea2-22ab5672c74e	6da33048-bc93-4e58-8dda-f85bbaba7bfc	5b335cb8-0326-4c7f-a2c4-c8f11ae291db	e4ad093c-3c23-491c-8b32-0fbc2ebece70	f
30249fdd-b264-46e7-94b2-50f796272e19	5	Friendly staff, made my morning.		f	f	2026-03-24 18:26:00+00				cb70957f-1f1d-4126-a1a0-188cd8d78681	e4e47e42-3207-414c-9851-71bba8d3f33b	3192a9ed-fde3-46c8-bc92-22d816f8f7c3	1b85962a-e213-4f40-a0f7-75d80dbab5d2	f
646126f0-d5f7-469c-8163-6f781e06a129	2			f	f	2026-03-25 17:46:00+00				4049a106-e6e2-43ba-b6da-e209b4fb2d5c	48ee7757-7b18-42fc-95b4-7a4208acebde	eb0ff7f1-0088-4f6a-9bcb-3370cdb9f500	e4ad093c-3c23-491c-8b32-0fbc2ebece70	f
0005f291-3610-4149-8dec-2df67d397439	2			f	f	2026-03-25 17:46:00+00				4049a106-e6e2-43ba-b6da-e209b4fb2d5c	6da33048-bc93-4e58-8dda-f85bbaba7bfc	eb0ff7f1-0088-4f6a-9bcb-3370cdb9f500	e4ad093c-3c23-491c-8b32-0fbc2ebece70	f
6b1e6f60-cf28-48cb-9d1a-c77eb0ec998d	5	A bit slow today but the coffee was excellent.		f	f	2026-03-25 09:32:00+00				4223895b-aa07-42c3-a090-a9deb20d497d	48ee7757-7b18-42fc-95b4-7a4208acebde	780faca5-fa31-43b6-ac54-531245d4e39b	e4ad093c-3c23-491c-8b32-0fbc2ebece70	f
ffd444e0-4478-42b9-9c41-626b9d2aa0f6	4			f	f	2026-03-25 09:32:00+00				4223895b-aa07-42c3-a090-a9deb20d497d	6da33048-bc93-4e58-8dda-f85bbaba7bfc	780faca5-fa31-43b6-ac54-531245d4e39b	e4ad093c-3c23-491c-8b32-0fbc2ebece70	f
13399b9d-b833-4cf2-970b-c5b488ee9f77	4	Really great service, will be back!		f	f	2026-03-25 16:38:00+00				cb70957f-1f1d-4126-a1a0-188cd8d78681	48ee7757-7b18-42fc-95b4-7a4208acebde	06dda003-a5f9-480a-9765-855637cd88b5	e4ad093c-3c23-491c-8b32-0fbc2ebece70	f
f83496b2-0b53-4bd8-bbfc-b78addcb5f25	3			f	f	2026-03-25 16:38:00+00				cb70957f-1f1d-4126-a1a0-188cd8d78681	6da33048-bc93-4e58-8dda-f85bbaba7bfc	06dda003-a5f9-480a-9765-855637cd88b5	e4ad093c-3c23-491c-8b32-0fbc2ebece70	f
de6bc432-19df-4fd5-8a0e-5f5609ce9ac4	5			f	f	2026-03-25 20:01:00+00				cb70957f-1f1d-4126-a1a0-188cd8d78681	48ee7757-7b18-42fc-95b4-7a4208acebde	a38dbf43-4805-41a3-9a79-74c05506beed	e4ad093c-3c23-491c-8b32-0fbc2ebece70	f
3eb50a96-52df-4ebe-8395-3ac8222d5290	5			f	f	2026-03-25 20:01:00+00				cb70957f-1f1d-4126-a1a0-188cd8d78681	6da33048-bc93-4e58-8dda-f85bbaba7bfc	a38dbf43-4805-41a3-9a79-74c05506beed	e4ad093c-3c23-491c-8b32-0fbc2ebece70	f
d809aa8d-0451-4e6d-993b-2aded6825059	4	The seating area was a bit messy.		f	f	2026-03-25 11:16:00+00				4049a106-e6e2-43ba-b6da-e209b4fb2d5c	e4e47e42-3207-414c-9851-71bba8d3f33b	1bbde50c-8285-4129-ae84-b7c6ed6beab8	1b85962a-e213-4f40-a0f7-75d80dbab5d2	f
a47b957d-1f39-4d8c-9bb2-9b831be2024c	1	Best espresso in town.		f	f	2026-03-25 17:44:00+00				4049a106-e6e2-43ba-b6da-e209b4fb2d5c	48ee7757-7b18-42fc-95b4-7a4208acebde	4c86308a-f06d-4e7e-990f-1ebeb45dfd71	e4ad093c-3c23-491c-8b32-0fbc2ebece70	f
c1f5faf4-6dff-4f24-9bcc-ff9b3ee06e6b	5			f	f	2026-03-25 17:44:00+00				4049a106-e6e2-43ba-b6da-e209b4fb2d5c	6da33048-bc93-4e58-8dda-f85bbaba7bfc	4c86308a-f06d-4e7e-990f-1ebeb45dfd71	e4ad093c-3c23-491c-8b32-0fbc2ebece70	f
0a53cb24-eef1-440f-ac99-7224f3adc7be	4	Loved the atmosphere.		f	f	2026-03-25 11:49:00+00				4049a106-e6e2-43ba-b6da-e209b4fb2d5c	48ee7757-7b18-42fc-95b4-7a4208acebde	d8355d6c-dea4-4c4c-a75b-dd617e9824d3	e4ad093c-3c23-491c-8b32-0fbc2ebece70	f
2a536317-0df5-4cda-84aa-99dd318f3d52	4			f	f	2026-04-20 22:26:54.627748+00				fe638d10-8bd8-4e25-9304-9649e9bd3c89	d3f54542-7bab-4f29-b6d0-a1564613fffa	72a893e8-fb43-4bd0-abbf-7d6a100b25ec	d4aab498-ace9-4d7e-84c2-f728734bc203	f
2e9000e4-b9f0-451a-9603-7b0e83fb1a97	4			f	f	2026-03-25 11:49:00+00				4049a106-e6e2-43ba-b6da-e209b4fb2d5c	6da33048-bc93-4e58-8dda-f85bbaba7bfc	d8355d6c-dea4-4c4c-a75b-dd617e9824d3	e4ad093c-3c23-491c-8b32-0fbc2ebece70	f
b12a0c88-14f4-4d26-bf77-a5747e6025ad	4	Friendly staff, made my morning.		f	f	2026-03-25 21:57:00+00				4223895b-aa07-42c3-a090-a9deb20d497d	e4e47e42-3207-414c-9851-71bba8d3f33b	37492031-9b5d-4b69-9f99-746ce2c9613d	1b85962a-e213-4f40-a0f7-75d80dbab5d2	f
3b984cb9-2cdb-4fc5-aa33-4c3054b62805	2	Perfect as always.		f	f	2026-03-25 10:13:00+00				27a481f2-09aa-4c66-aea2-22ab5672c74e	e4e47e42-3207-414c-9851-71bba8d3f33b	dd03afcb-eda1-49ba-a963-2101b9d3bfc6	1b85962a-e213-4f40-a0f7-75d80dbab5d2	f
c2981081-4114-4e89-a04e-c62b0fdf990e	4	Best espresso in town.		f	f	2026-03-25 15:33:00+00				4223895b-aa07-42c3-a090-a9deb20d497d	e4e47e42-3207-414c-9851-71bba8d3f33b	0eb22739-6a7d-471b-8d7f-d9d1086286b4	1b85962a-e213-4f40-a0f7-75d80dbab5d2	f
74246272-5c7c-4220-9901-62efd41989ac	1	Really great service, will be back!		f	f	2026-03-25 20:42:00+00				4049a106-e6e2-43ba-b6da-e209b4fb2d5c	48ee7757-7b18-42fc-95b4-7a4208acebde	8ea0010e-1974-4abd-a85b-76df3f92cdce	e4ad093c-3c23-491c-8b32-0fbc2ebece70	f
ee33bb6c-69b5-4d23-a9a0-e6612481481f	3			f	f	2026-03-25 20:42:00+00				4049a106-e6e2-43ba-b6da-e209b4fb2d5c	6da33048-bc93-4e58-8dda-f85bbaba7bfc	8ea0010e-1974-4abd-a85b-76df3f92cdce	e4ad093c-3c23-491c-8b32-0fbc2ebece70	f
b1d35959-d5bb-404b-b54b-50afd4abcc35	3			f	f	2026-03-25 17:36:00+00				4049a106-e6e2-43ba-b6da-e209b4fb2d5c	48ee7757-7b18-42fc-95b4-7a4208acebde	0d9558bc-56b1-4d21-be1b-501e40b2647f	e4ad093c-3c23-491c-8b32-0fbc2ebece70	f
fc1ea1ce-00f0-4abb-8744-279d862bee67	5			f	f	2026-03-25 17:36:00+00				4049a106-e6e2-43ba-b6da-e209b4fb2d5c	6da33048-bc93-4e58-8dda-f85bbaba7bfc	0d9558bc-56b1-4d21-be1b-501e40b2647f	e4ad093c-3c23-491c-8b32-0fbc2ebece70	f
f7ea9c8e-c2e5-4bd9-86d9-22ffc2673b0b	4	A bit slow today but the coffee was excellent.		f	f	2026-03-25 10:38:00+00				cb70957f-1f1d-4126-a1a0-188cd8d78681	48ee7757-7b18-42fc-95b4-7a4208acebde	30aba393-9710-4d47-96c1-5d9ec06a46f5	e4ad093c-3c23-491c-8b32-0fbc2ebece70	f
51a80159-eb32-4d20-b592-189b2f0b1057	4			f	f	2026-03-25 10:38:00+00				cb70957f-1f1d-4126-a1a0-188cd8d78681	6da33048-bc93-4e58-8dda-f85bbaba7bfc	30aba393-9710-4d47-96c1-5d9ec06a46f5	e4ad093c-3c23-491c-8b32-0fbc2ebece70	f
c6c3dc19-305e-4c06-a25b-a7140ac4bc56	5			f	f	2026-03-25 14:02:00+00				4223895b-aa07-42c3-a090-a9deb20d497d	48ee7757-7b18-42fc-95b4-7a4208acebde	47623ef4-af81-4939-910d-fd4ce6a56054	e4ad093c-3c23-491c-8b32-0fbc2ebece70	f
ff0b3a1c-0153-4d64-a6d7-f93843b1421e	4			f	f	2026-03-25 14:02:00+00				4223895b-aa07-42c3-a090-a9deb20d497d	6da33048-bc93-4e58-8dda-f85bbaba7bfc	47623ef4-af81-4939-910d-fd4ce6a56054	e4ad093c-3c23-491c-8b32-0fbc2ebece70	f
1d08604b-871c-4305-a70e-2dd34205cd6f	5	Really great service, will be back!		f	f	2026-03-25 10:52:00+00				cb70957f-1f1d-4126-a1a0-188cd8d78681	e4e47e42-3207-414c-9851-71bba8d3f33b	c3833f54-1da2-4f21-a384-7db9234c0d0c	1b85962a-e213-4f40-a0f7-75d80dbab5d2	f
926da782-7088-40b8-926a-7a1f8f240ad4	2			f	f	2026-03-25 10:23:00+00				4049a106-e6e2-43ba-b6da-e209b4fb2d5c	e4e47e42-3207-414c-9851-71bba8d3f33b	05cffbc3-b1ec-4f6d-862f-fd61f1781661	1b85962a-e213-4f40-a0f7-75d80dbab5d2	f
8f9603b7-2935-461d-a635-6a782aa60131	4	Waited too long, expected better.		f	f	2026-03-25 11:04:00+00				4049a106-e6e2-43ba-b6da-e209b4fb2d5c	48ee7757-7b18-42fc-95b4-7a4208acebde	d14c341e-269a-4292-869e-ab2e4a0fd385	e4ad093c-3c23-491c-8b32-0fbc2ebece70	f
c9d85a76-1961-4c83-bbed-b4d33f6cf7b0	1			f	f	2026-03-25 11:04:00+00				4049a106-e6e2-43ba-b6da-e209b4fb2d5c	6da33048-bc93-4e58-8dda-f85bbaba7bfc	d14c341e-269a-4292-869e-ab2e4a0fd385	e4ad093c-3c23-491c-8b32-0fbc2ebece70	f
c9d2d492-dcb8-45d1-8abc-c76085a7d500	4	Loved the atmosphere.		f	f	2026-03-25 13:18:00+00				4223895b-aa07-42c3-a090-a9deb20d497d	e4e47e42-3207-414c-9851-71bba8d3f33b	87fbf749-16ef-437d-847f-abdcd1a5fc2e	1b85962a-e213-4f40-a0f7-75d80dbab5d2	f
bfc5ba7c-32b1-400c-905b-f97e5fa9bed5	4			f	f	2026-03-25 14:37:00+00				27a481f2-09aa-4c66-aea2-22ab5672c74e	e4e47e42-3207-414c-9851-71bba8d3f33b	9ed8da0c-5bdd-4a67-a7fa-dd8e66549d4c	1b85962a-e213-4f40-a0f7-75d80dbab5d2	f
d155e752-1320-4581-8e71-8949e72f53fb	2	Friendly staff, made my morning.		f	f	2026-03-25 20:33:00+00				27a481f2-09aa-4c66-aea2-22ab5672c74e	48ee7757-7b18-42fc-95b4-7a4208acebde	c06cc54b-6451-49e5-90c2-43ccb551e165	e4ad093c-3c23-491c-8b32-0fbc2ebece70	f
c3700ad4-1239-4768-adc5-a12935eccbd9	5			f	f	2026-03-25 20:33:00+00				27a481f2-09aa-4c66-aea2-22ab5672c74e	6da33048-bc93-4e58-8dda-f85bbaba7bfc	c06cc54b-6451-49e5-90c2-43ccb551e165	e4ad093c-3c23-491c-8b32-0fbc2ebece70	f
ebd4f63e-c270-4adc-b1ba-07a6ab686a3c	5	The music was too loud.		f	f	2026-03-25 15:47:00+00				27a481f2-09aa-4c66-aea2-22ab5672c74e	48ee7757-7b18-42fc-95b4-7a4208acebde	27ffa64e-51e2-4fbc-a510-8ccedcc4640f	e4ad093c-3c23-491c-8b32-0fbc2ebece70	f
96fc94fc-89a7-45c5-8bd7-ee8e6fb78e2d	3			f	f	2026-03-25 15:47:00+00				27a481f2-09aa-4c66-aea2-22ab5672c74e	6da33048-bc93-4e58-8dda-f85bbaba7bfc	27ffa64e-51e2-4fbc-a510-8ccedcc4640f	e4ad093c-3c23-491c-8b32-0fbc2ebece70	f
aaca0811-d0e0-4a10-82e6-8de1828be690	3	A bit slow today but the coffee was excellent.		f	f	2026-03-26 07:44:00+00				27a481f2-09aa-4c66-aea2-22ab5672c74e	e4e47e42-3207-414c-9851-71bba8d3f33b	dd63d452-361b-433f-a568-6ef9f91ee041	1b85962a-e213-4f40-a0f7-75d80dbab5d2	f
52a635b0-2ad4-4a0c-9c43-9cfd2838a82a	3	Really great service, will be back!		f	f	2026-03-26 15:50:00+00				4049a106-e6e2-43ba-b6da-e209b4fb2d5c	e4e47e42-3207-414c-9851-71bba8d3f33b	fcda82bf-3b44-4c9a-97ff-058682cfb1ca	1b85962a-e213-4f40-a0f7-75d80dbab5d2	f
70a919b3-8ab4-4491-9db5-cdac20758fc7	4	The music was too loud.		f	f	2026-03-26 12:14:00+00				cb70957f-1f1d-4126-a1a0-188cd8d78681	48ee7757-7b18-42fc-95b4-7a4208acebde	1b4edc6e-c2b6-4ed7-80b2-f4fb23931c05	e4ad093c-3c23-491c-8b32-0fbc2ebece70	f
70cc7b10-0c14-4fad-ad3e-7020d38eed89	5			f	f	2026-03-26 12:14:00+00				cb70957f-1f1d-4126-a1a0-188cd8d78681	6da33048-bc93-4e58-8dda-f85bbaba7bfc	1b4edc6e-c2b6-4ed7-80b2-f4fb23931c05	e4ad093c-3c23-491c-8b32-0fbc2ebece70	f
79d95da0-cb6e-41f4-8be0-0f421153302c	1	Loved the atmosphere.		f	f	2026-03-26 14:12:00+00				4049a106-e6e2-43ba-b6da-e209b4fb2d5c	48ee7757-7b18-42fc-95b4-7a4208acebde	7db68b90-3a09-4f48-9017-eecd1433aa17	e4ad093c-3c23-491c-8b32-0fbc2ebece70	f
343334ff-c892-43dc-a334-8f3643d7e843	5			f	f	2026-03-26 14:12:00+00				4049a106-e6e2-43ba-b6da-e209b4fb2d5c	6da33048-bc93-4e58-8dda-f85bbaba7bfc	7db68b90-3a09-4f48-9017-eecd1433aa17	e4ad093c-3c23-491c-8b32-0fbc2ebece70	f
9870187f-4fb3-45c8-86d3-bc4a49bcb8ad	3			f	f	2026-03-26 12:13:00+00				cb70957f-1f1d-4126-a1a0-188cd8d78681	e4e47e42-3207-414c-9851-71bba8d3f33b	8daf8eaf-a830-4a64-ab0d-4a727d902eee	1b85962a-e213-4f40-a0f7-75d80dbab5d2	f
8f5e247a-5560-48df-8e88-ac8bc8e692e7	5	A bit slow today but the coffee was excellent.		f	f	2026-03-26 12:16:00+00				cb70957f-1f1d-4126-a1a0-188cd8d78681	e4e47e42-3207-414c-9851-71bba8d3f33b	2f608db7-8ded-4f34-a50e-42a68a7d99c5	1b85962a-e213-4f40-a0f7-75d80dbab5d2	f
8a3eb5cc-6bce-487e-b41e-e925e43f951f	1	The music was too loud.		f	f	2026-03-26 12:18:00+00				4049a106-e6e2-43ba-b6da-e209b4fb2d5c	e4e47e42-3207-414c-9851-71bba8d3f33b	f1fabee6-3902-4847-919b-5c2440609fa7	1b85962a-e213-4f40-a0f7-75d80dbab5d2	f
0e0486cb-7c75-4c23-ae77-94b9e68c67ad	2	Perfect as always.		f	f	2026-03-26 10:20:00+00				27a481f2-09aa-4c66-aea2-22ab5672c74e	48ee7757-7b18-42fc-95b4-7a4208acebde	dfee75a0-66a3-4012-a089-48697b10fa89	e4ad093c-3c23-491c-8b32-0fbc2ebece70	f
e91d9295-e7c8-4f6f-9bb1-3b5aa26cd43d	3			f	f	2026-03-26 10:20:00+00				27a481f2-09aa-4c66-aea2-22ab5672c74e	6da33048-bc93-4e58-8dda-f85bbaba7bfc	dfee75a0-66a3-4012-a089-48697b10fa89	e4ad093c-3c23-491c-8b32-0fbc2ebece70	f
6d2a3b46-11c7-4826-9fba-1d4190e8346a	5	A bit slow today but the coffee was excellent.		f	f	2026-03-26 15:17:00+00				cb70957f-1f1d-4126-a1a0-188cd8d78681	e4e47e42-3207-414c-9851-71bba8d3f33b	c73d83e3-d2a7-4eb6-ae8b-001824fd8299	1b85962a-e213-4f40-a0f7-75d80dbab5d2	f
e9717b11-f6e6-42ff-be6a-f9511d5516cf	3	Perfect as always.		f	f	2026-03-27 15:04:00+00				4049a106-e6e2-43ba-b6da-e209b4fb2d5c	e4e47e42-3207-414c-9851-71bba8d3f33b	3ba1c1b1-a69f-4171-9237-fdada43df874	1b85962a-e213-4f40-a0f7-75d80dbab5d2	f
8fbc0f99-52fb-4217-96b3-a70cdace9102	5	The seating area was a bit messy.		f	f	2026-03-27 19:43:00+00				4223895b-aa07-42c3-a090-a9deb20d497d	48ee7757-7b18-42fc-95b4-7a4208acebde	e98387c0-3456-4bcc-9154-f60d490a2d4b	e4ad093c-3c23-491c-8b32-0fbc2ebece70	f
33505bb7-7382-45d5-923a-f49045c85f7b	5			f	f	2026-03-27 19:43:00+00				4223895b-aa07-42c3-a090-a9deb20d497d	6da33048-bc93-4e58-8dda-f85bbaba7bfc	e98387c0-3456-4bcc-9154-f60d490a2d4b	e4ad093c-3c23-491c-8b32-0fbc2ebece70	f
0336dd4a-9c06-49c1-abdc-0f1224da2cf3	4	Waited too long, expected better.		f	f	2026-03-27 18:13:00+00				4049a106-e6e2-43ba-b6da-e209b4fb2d5c	48ee7757-7b18-42fc-95b4-7a4208acebde	ecca0b62-6b51-4cdc-bef6-6dd35a590fc2	e4ad093c-3c23-491c-8b32-0fbc2ebece70	f
8387047e-9303-48b8-9ad4-036c57e243bb	4			f	f	2026-03-27 18:13:00+00				4049a106-e6e2-43ba-b6da-e209b4fb2d5c	6da33048-bc93-4e58-8dda-f85bbaba7bfc	ecca0b62-6b51-4cdc-bef6-6dd35a590fc2	e4ad093c-3c23-491c-8b32-0fbc2ebece70	f
6d5e405b-2bf6-4112-9d03-6a6b17596624	5	The music was too loud.		f	f	2026-03-27 21:58:00+00				cb70957f-1f1d-4126-a1a0-188cd8d78681	48ee7757-7b18-42fc-95b4-7a4208acebde	f4b6671f-2b3a-4f44-b802-400b41209130	e4ad093c-3c23-491c-8b32-0fbc2ebece70	f
067aab48-0239-4c32-93fb-b3d384c75b8f	4			f	f	2026-03-27 21:58:00+00				cb70957f-1f1d-4126-a1a0-188cd8d78681	6da33048-bc93-4e58-8dda-f85bbaba7bfc	f4b6671f-2b3a-4f44-b802-400b41209130	e4ad093c-3c23-491c-8b32-0fbc2ebece70	f
79708eb2-29e8-4fba-b97b-b4ec1fa4fb30	4	Friendly staff, made my morning.		f	f	2026-03-27 10:49:00+00				cb70957f-1f1d-4126-a1a0-188cd8d78681	e4e47e42-3207-414c-9851-71bba8d3f33b	d8106d16-6cd8-4bac-89e9-9df53df5ea72	1b85962a-e213-4f40-a0f7-75d80dbab5d2	f
99fd04b2-848b-4200-9bd4-9f4f32f27690	5	The seating area was a bit messy.		f	f	2026-03-27 19:54:00+00				27a481f2-09aa-4c66-aea2-22ab5672c74e	48ee7757-7b18-42fc-95b4-7a4208acebde	bcba2caa-8d86-4800-a890-29c4f6467a0d	e4ad093c-3c23-491c-8b32-0fbc2ebece70	f
9e3e55f2-3518-4f1c-b64d-bb2b74901a68	4			f	f	2026-03-27 19:54:00+00				27a481f2-09aa-4c66-aea2-22ab5672c74e	6da33048-bc93-4e58-8dda-f85bbaba7bfc	bcba2caa-8d86-4800-a890-29c4f6467a0d	e4ad093c-3c23-491c-8b32-0fbc2ebece70	f
f7757485-76c2-4e59-bfad-b15410079fa3	4	Really great service, will be back!		f	f	2026-03-27 18:50:00+00				27a481f2-09aa-4c66-aea2-22ab5672c74e	e4e47e42-3207-414c-9851-71bba8d3f33b	e05b07be-1a35-4f3a-8dd9-48ac068b1bbd	1b85962a-e213-4f40-a0f7-75d80dbab5d2	f
1c551e10-ba39-4360-bbf5-dddd4d5068c1	4	The music was too loud.		f	f	2026-03-27 14:57:00+00				27a481f2-09aa-4c66-aea2-22ab5672c74e	e4e47e42-3207-414c-9851-71bba8d3f33b	c3334e77-b271-4477-a8ce-b5b6a97abc05	1b85962a-e213-4f40-a0f7-75d80dbab5d2	f
4579417d-2184-4f5f-b61f-a0e31df2cc86	5	Really great service, will be back!		f	f	2026-03-27 17:25:00+00				27a481f2-09aa-4c66-aea2-22ab5672c74e	48ee7757-7b18-42fc-95b4-7a4208acebde	075a80f8-d5d3-4c93-bc63-c6b3ee2a2f6c	e4ad093c-3c23-491c-8b32-0fbc2ebece70	f
e1ee166c-cd35-4c65-8497-c8a367836bb3	3			f	f	2026-03-27 17:25:00+00				27a481f2-09aa-4c66-aea2-22ab5672c74e	6da33048-bc93-4e58-8dda-f85bbaba7bfc	075a80f8-d5d3-4c93-bc63-c6b3ee2a2f6c	e4ad093c-3c23-491c-8b32-0fbc2ebece70	f
bd28b32e-84b6-40e6-ab7a-247295394ad9	5	Best espresso in town.		f	f	2026-03-27 15:42:00+00				4223895b-aa07-42c3-a090-a9deb20d497d	48ee7757-7b18-42fc-95b4-7a4208acebde	8870dbfb-2f02-450f-8623-9c4ae716368d	e4ad093c-3c23-491c-8b32-0fbc2ebece70	f
e3afb282-e417-4bec-8341-145d5a2ad1b1	5			f	f	2026-03-27 15:42:00+00				4223895b-aa07-42c3-a090-a9deb20d497d	6da33048-bc93-4e58-8dda-f85bbaba7bfc	8870dbfb-2f02-450f-8623-9c4ae716368d	e4ad093c-3c23-491c-8b32-0fbc2ebece70	f
e17ebd16-59ed-439d-bdde-d7d680d5e1e8	5			f	f	2026-03-28 18:58:00+00				4223895b-aa07-42c3-a090-a9deb20d497d	e4e47e42-3207-414c-9851-71bba8d3f33b	3cc2e899-a369-430f-ae6d-1aea1462da74	1b85962a-e213-4f40-a0f7-75d80dbab5d2	f
8085952d-b90d-4ad5-bbdd-4f74ad609683	3	A bit slow today but the coffee was excellent.		f	f	2026-03-27 16:26:00+00				4223895b-aa07-42c3-a090-a9deb20d497d	e4e47e42-3207-414c-9851-71bba8d3f33b	2c391f0f-0d42-4a37-92cf-72f26243a895	1b85962a-e213-4f40-a0f7-75d80dbab5d2	f
054dd94b-ba69-4573-b762-f6e368bd17e4	5	The music was too loud.		f	f	2026-03-27 16:44:00+00				cb70957f-1f1d-4126-a1a0-188cd8d78681	e4e47e42-3207-414c-9851-71bba8d3f33b	e0651f3c-9856-40c4-9ae2-33aeefb88986	1b85962a-e213-4f40-a0f7-75d80dbab5d2	f
7dabed28-902d-463f-9dc0-f2139fff9a81	4	Loved the atmosphere.		f	f	2026-03-27 08:11:00+00				27a481f2-09aa-4c66-aea2-22ab5672c74e	e4e47e42-3207-414c-9851-71bba8d3f33b	d7b96091-5ed6-4f90-9592-353a5977cab4	1b85962a-e213-4f40-a0f7-75d80dbab5d2	f
2b430312-7f1b-4cd8-97d1-6fa9a42b792b	3	Perfect as always.		f	f	2026-03-27 19:01:00+00				27a481f2-09aa-4c66-aea2-22ab5672c74e	48ee7757-7b18-42fc-95b4-7a4208acebde	3a753ec7-f8c6-4817-81b5-069a5921e4a8	e4ad093c-3c23-491c-8b32-0fbc2ebece70	f
1b0cb512-2ba9-4533-a99a-ef69b5059826	5			f	f	2026-03-27 19:01:00+00				27a481f2-09aa-4c66-aea2-22ab5672c74e	6da33048-bc93-4e58-8dda-f85bbaba7bfc	3a753ec7-f8c6-4817-81b5-069a5921e4a8	e4ad093c-3c23-491c-8b32-0fbc2ebece70	f
ec69bfbb-7013-41b1-a3f5-b3e85c977fb8	3	Friendly staff, made my morning.		f	f	2026-03-27 12:26:00+00				27a481f2-09aa-4c66-aea2-22ab5672c74e	48ee7757-7b18-42fc-95b4-7a4208acebde	0307604d-5a8e-4788-abe0-c6b77198c536	e4ad093c-3c23-491c-8b32-0fbc2ebece70	f
6bdd091e-f9ae-4f9a-ac19-ab2620b37325	3			f	f	2026-03-27 12:26:00+00				27a481f2-09aa-4c66-aea2-22ab5672c74e	6da33048-bc93-4e58-8dda-f85bbaba7bfc	0307604d-5a8e-4788-abe0-c6b77198c536	e4ad093c-3c23-491c-8b32-0fbc2ebece70	f
84756f33-e56a-43d7-9cdd-b7e0f26fde40	3	Really great service, will be back!		f	f	2026-03-27 09:12:00+00				27a481f2-09aa-4c66-aea2-22ab5672c74e	e4e47e42-3207-414c-9851-71bba8d3f33b	e3f1eed4-a880-4abc-a03a-38f6af2e42a3	1b85962a-e213-4f40-a0f7-75d80dbab5d2	f
b46d9efd-330e-463c-a4a3-7a9c4263035c	5	Loved the atmosphere.		f	f	2026-03-27 21:48:00+00				27a481f2-09aa-4c66-aea2-22ab5672c74e	48ee7757-7b18-42fc-95b4-7a4208acebde	9f88da29-c594-413a-bb90-3f1b9f4fbbd1	e4ad093c-3c23-491c-8b32-0fbc2ebece70	f
e5f9068c-ab2a-451d-9741-07797b1f7c4f	4			f	f	2026-03-27 21:48:00+00				27a481f2-09aa-4c66-aea2-22ab5672c74e	6da33048-bc93-4e58-8dda-f85bbaba7bfc	9f88da29-c594-413a-bb90-3f1b9f4fbbd1	e4ad093c-3c23-491c-8b32-0fbc2ebece70	f
1c4f489e-987d-4b22-9f51-b1bf573bbd01	1	Really great service, will be back!		f	f	2026-03-27 07:43:00+00				4049a106-e6e2-43ba-b6da-e209b4fb2d5c	e4e47e42-3207-414c-9851-71bba8d3f33b	825438a7-ec69-477b-92ba-2d7eb14211cc	1b85962a-e213-4f40-a0f7-75d80dbab5d2	f
23b6ecc4-3af8-4b7b-a202-25ed614e54f6	4	The music was too loud.		f	f	2026-03-27 20:26:00+00				27a481f2-09aa-4c66-aea2-22ab5672c74e	e4e47e42-3207-414c-9851-71bba8d3f33b	55452436-51ac-4bcd-87ab-42c38e277be3	1b85962a-e213-4f40-a0f7-75d80dbab5d2	f
9a43d26a-6904-4e9b-ba01-e2c4fd1bda3c	5			f	f	2026-03-27 21:59:00+00				4223895b-aa07-42c3-a090-a9deb20d497d	e4e47e42-3207-414c-9851-71bba8d3f33b	b9c74ece-9303-4d77-94e1-6b28bce1a4a8	1b85962a-e213-4f40-a0f7-75d80dbab5d2	f
e553d264-6b5f-4439-a6c8-c4674f1941af	2	Friendly staff, made my morning.		f	f	2026-03-27 21:29:00+00				27a481f2-09aa-4c66-aea2-22ab5672c74e	e4e47e42-3207-414c-9851-71bba8d3f33b	0127f0d9-93a9-4ea7-bf87-e9482f0367bb	1b85962a-e213-4f40-a0f7-75d80dbab5d2	f
0bf3a490-4d53-4f24-9453-8f34d60ff9a6	3			f	f	2026-03-27 21:36:00+00				27a481f2-09aa-4c66-aea2-22ab5672c74e	48ee7757-7b18-42fc-95b4-7a4208acebde	bbb62dee-7e47-4170-bd19-755e4b3b634e	e4ad093c-3c23-491c-8b32-0fbc2ebece70	f
16274778-811c-4c61-9187-939d624fe944	3			f	f	2026-03-27 21:36:00+00				27a481f2-09aa-4c66-aea2-22ab5672c74e	6da33048-bc93-4e58-8dda-f85bbaba7bfc	bbb62dee-7e47-4170-bd19-755e4b3b634e	e4ad093c-3c23-491c-8b32-0fbc2ebece70	f
185b6a42-e1b3-4430-863c-644948f42a2e	2			f	f	2026-03-28 09:43:00+00				27a481f2-09aa-4c66-aea2-22ab5672c74e	e4e47e42-3207-414c-9851-71bba8d3f33b	1dce45b8-86af-4fea-b76b-da681a20578a	1b85962a-e213-4f40-a0f7-75d80dbab5d2	f
ee087226-7d2c-40b0-a594-7fcd39ab98eb	5	Best espresso in town.		f	f	2026-03-28 13:03:00+00				27a481f2-09aa-4c66-aea2-22ab5672c74e	48ee7757-7b18-42fc-95b4-7a4208acebde	a92bad74-09ed-45af-8971-ab7c4db2b9fc	e4ad093c-3c23-491c-8b32-0fbc2ebece70	f
f3366d10-cc2e-4081-8c6b-52aed4041b50	2			f	f	2026-03-28 13:03:00+00				27a481f2-09aa-4c66-aea2-22ab5672c74e	6da33048-bc93-4e58-8dda-f85bbaba7bfc	a92bad74-09ed-45af-8971-ab7c4db2b9fc	e4ad093c-3c23-491c-8b32-0fbc2ebece70	f
a0d44be2-b894-408e-bd1c-64e895280730	3	A bit slow today but the coffee was excellent.		f	f	2026-03-28 10:58:00+00				4049a106-e6e2-43ba-b6da-e209b4fb2d5c	e4e47e42-3207-414c-9851-71bba8d3f33b	5926766f-52cd-4bc5-a1a9-4cf767ec383f	1b85962a-e213-4f40-a0f7-75d80dbab5d2	f
8c3d403e-3845-4ae0-9603-ebe822403d4b	3	Waited too long, expected better.		f	f	2026-03-28 17:55:00+00				27a481f2-09aa-4c66-aea2-22ab5672c74e	48ee7757-7b18-42fc-95b4-7a4208acebde	3c20cac3-02c4-4e2c-b1cc-8843b7bbf0be	e4ad093c-3c23-491c-8b32-0fbc2ebece70	f
df8b8025-794d-4cd0-843f-002a5ee92053	3			f	f	2026-03-28 17:55:00+00				27a481f2-09aa-4c66-aea2-22ab5672c74e	6da33048-bc93-4e58-8dda-f85bbaba7bfc	3c20cac3-02c4-4e2c-b1cc-8843b7bbf0be	e4ad093c-3c23-491c-8b32-0fbc2ebece70	f
809d2954-1520-4c97-ac13-e65cf7541eca	5	My order wasn't quite right but they fixed it quickly.		f	f	2026-03-28 19:30:00+00				4049a106-e6e2-43ba-b6da-e209b4fb2d5c	e4e47e42-3207-414c-9851-71bba8d3f33b	5906b945-70a1-44da-b177-72c551ce8499	1b85962a-e213-4f40-a0f7-75d80dbab5d2	f
6fa2041e-a05e-47f5-a5a6-8eb979fb5d70	3	A bit slow today but the coffee was excellent.		f	f	2026-03-28 15:08:00+00				4049a106-e6e2-43ba-b6da-e209b4fb2d5c	e4e47e42-3207-414c-9851-71bba8d3f33b	9e5eb17e-7696-413a-bc90-4b88663f5570	1b85962a-e213-4f40-a0f7-75d80dbab5d2	f
b1cc14d6-99b5-4e41-b024-d2a92504200f	4	The music was too loud.		f	f	2026-03-28 12:11:00+00				4223895b-aa07-42c3-a090-a9deb20d497d	e4e47e42-3207-414c-9851-71bba8d3f33b	a667ce35-71a1-405a-8cf7-b6c1d7e96a0f	1b85962a-e213-4f40-a0f7-75d80dbab5d2	f
88e2fa74-61da-40f0-bc3d-a69becef0556	4	The seating area was a bit messy.		f	f	2026-03-28 15:19:00+00				cb70957f-1f1d-4126-a1a0-188cd8d78681	48ee7757-7b18-42fc-95b4-7a4208acebde	1a2e5302-eafb-4d02-bd52-df1dec4264a0	e4ad093c-3c23-491c-8b32-0fbc2ebece70	f
40def6e4-cfec-431c-88f4-a521ef9cd05a	3			f	f	2026-03-28 15:19:00+00				cb70957f-1f1d-4126-a1a0-188cd8d78681	6da33048-bc93-4e58-8dda-f85bbaba7bfc	1a2e5302-eafb-4d02-bd52-df1dec4264a0	e4ad093c-3c23-491c-8b32-0fbc2ebece70	f
78f51d3a-0a18-40d6-b0ef-e6fb44156a28	2			f	f	2026-03-28 13:32:00+00				4049a106-e6e2-43ba-b6da-e209b4fb2d5c	48ee7757-7b18-42fc-95b4-7a4208acebde	d8b5d9b9-4ac8-413d-ae2f-e5f9c359e866	e4ad093c-3c23-491c-8b32-0fbc2ebece70	f
fdb05a51-16d0-42a5-a124-13742e13bffa	4			f	f	2026-03-28 13:32:00+00				4049a106-e6e2-43ba-b6da-e209b4fb2d5c	6da33048-bc93-4e58-8dda-f85bbaba7bfc	d8b5d9b9-4ac8-413d-ae2f-e5f9c359e866	e4ad093c-3c23-491c-8b32-0fbc2ebece70	f
fd27f3e5-38d2-42b8-a8d2-013742cae24d	1			f	f	2026-03-28 20:25:00+00				4049a106-e6e2-43ba-b6da-e209b4fb2d5c	48ee7757-7b18-42fc-95b4-7a4208acebde	853b3bbb-bb91-48e5-b124-2baaf2ab2e60	e4ad093c-3c23-491c-8b32-0fbc2ebece70	f
2577f872-fae6-4eaf-ac55-d4196bf210f4	3			f	f	2026-03-28 20:25:00+00				4049a106-e6e2-43ba-b6da-e209b4fb2d5c	6da33048-bc93-4e58-8dda-f85bbaba7bfc	853b3bbb-bb91-48e5-b124-2baaf2ab2e60	e4ad093c-3c23-491c-8b32-0fbc2ebece70	f
4eee6111-c828-421c-bf61-9cab4f6c1a03	4	Waited too long, expected better.		f	f	2026-03-28 17:36:00+00				4223895b-aa07-42c3-a090-a9deb20d497d	48ee7757-7b18-42fc-95b4-7a4208acebde	e2bfe899-4a23-4ffe-bf78-318d6e7cd80c	e4ad093c-3c23-491c-8b32-0fbc2ebece70	f
4b722279-a90a-41f4-bef3-c73e8ec5c28a	5			f	f	2026-03-28 17:36:00+00				4223895b-aa07-42c3-a090-a9deb20d497d	6da33048-bc93-4e58-8dda-f85bbaba7bfc	e2bfe899-4a23-4ffe-bf78-318d6e7cd80c	e4ad093c-3c23-491c-8b32-0fbc2ebece70	f
0fde1140-31b7-437c-945b-ad782ea49470	4	Best espresso in town.		f	f	2026-03-28 15:45:00+00				cb70957f-1f1d-4126-a1a0-188cd8d78681	48ee7757-7b18-42fc-95b4-7a4208acebde	55f0fe56-572d-4de7-a930-0e85c4a1f830	e4ad093c-3c23-491c-8b32-0fbc2ebece70	f
29e33857-61e6-4cc1-bf82-d89506136f46	3			f	f	2026-03-28 15:45:00+00				cb70957f-1f1d-4126-a1a0-188cd8d78681	6da33048-bc93-4e58-8dda-f85bbaba7bfc	55f0fe56-572d-4de7-a930-0e85c4a1f830	e4ad093c-3c23-491c-8b32-0fbc2ebece70	f
4eccd0cb-9974-4ff3-ae6b-b712ee425848	4			f	f	2026-03-28 18:09:00+00				cb70957f-1f1d-4126-a1a0-188cd8d78681	48ee7757-7b18-42fc-95b4-7a4208acebde	4b1a297f-c83d-469e-9f0e-5d286cbe82de	e4ad093c-3c23-491c-8b32-0fbc2ebece70	f
b283103b-bc16-4ab5-983e-cfbbdd3902a1	3			f	f	2026-03-28 18:09:00+00				cb70957f-1f1d-4126-a1a0-188cd8d78681	6da33048-bc93-4e58-8dda-f85bbaba7bfc	4b1a297f-c83d-469e-9f0e-5d286cbe82de	e4ad093c-3c23-491c-8b32-0fbc2ebece70	f
667f8b76-8de4-4c6e-ac72-300dce072e90	2	A bit slow today but the coffee was excellent.		f	f	2026-03-28 12:48:00+00				4049a106-e6e2-43ba-b6da-e209b4fb2d5c	e4e47e42-3207-414c-9851-71bba8d3f33b	3f4c00df-1b14-4b17-ab32-cc197a88908e	1b85962a-e213-4f40-a0f7-75d80dbab5d2	f
e14c00a3-613d-45dc-abaf-0413b77268e5	5	The music was too loud.		f	f	2026-03-28 16:58:00+00				27a481f2-09aa-4c66-aea2-22ab5672c74e	e4e47e42-3207-414c-9851-71bba8d3f33b	766da28b-1f67-4e13-bbdd-97927ad4d606	1b85962a-e213-4f40-a0f7-75d80dbab5d2	f
05ea9bb1-cd0f-4168-af83-703aeb1d402b	5	Perfect as always.		f	f	2026-03-28 11:39:00+00				27a481f2-09aa-4c66-aea2-22ab5672c74e	48ee7757-7b18-42fc-95b4-7a4208acebde	8f1a4a7a-8a11-407c-87d8-305a340e2f0f	e4ad093c-3c23-491c-8b32-0fbc2ebece70	f
fa4492d5-aaf1-4fb2-82c2-4d4a39a6e7c9	5			f	f	2026-03-28 11:39:00+00				27a481f2-09aa-4c66-aea2-22ab5672c74e	6da33048-bc93-4e58-8dda-f85bbaba7bfc	8f1a4a7a-8a11-407c-87d8-305a340e2f0f	e4ad093c-3c23-491c-8b32-0fbc2ebece70	f
b9e4aa7b-48a7-4c88-9dd5-da578d33f1f3	4			f	f	2026-03-28 20:08:00+00				4223895b-aa07-42c3-a090-a9deb20d497d	e4e47e42-3207-414c-9851-71bba8d3f33b	cbf83595-0f96-4dc2-b58b-0f546f1ee98c	1b85962a-e213-4f40-a0f7-75d80dbab5d2	f
2fb209e0-717f-4124-a011-06cb63dc750c	5	Friendly staff, made my morning.		f	f	2026-03-28 15:34:00+00				4223895b-aa07-42c3-a090-a9deb20d497d	48ee7757-7b18-42fc-95b4-7a4208acebde	47b79ea7-2513-44d2-b107-c53d49b1c250	e4ad093c-3c23-491c-8b32-0fbc2ebece70	f
4f2c6e60-1770-4410-ad4c-e83c52fa13dd	5			f	f	2026-03-28 15:34:00+00				4223895b-aa07-42c3-a090-a9deb20d497d	6da33048-bc93-4e58-8dda-f85bbaba7bfc	47b79ea7-2513-44d2-b107-c53d49b1c250	e4ad093c-3c23-491c-8b32-0fbc2ebece70	f
0ad9eec2-cb10-465a-b5b4-1d9e831eb63c	1			f	f	2026-03-28 19:37:00+00				4049a106-e6e2-43ba-b6da-e209b4fb2d5c	48ee7757-7b18-42fc-95b4-7a4208acebde	bd698c00-d15f-456f-be1c-f06a20583fe6	e4ad093c-3c23-491c-8b32-0fbc2ebece70	f
ba236ae8-c286-4f04-bbe1-e6969c3bccdd	1			f	f	2026-03-28 19:37:00+00				4049a106-e6e2-43ba-b6da-e209b4fb2d5c	6da33048-bc93-4e58-8dda-f85bbaba7bfc	bd698c00-d15f-456f-be1c-f06a20583fe6	e4ad093c-3c23-491c-8b32-0fbc2ebece70	f
93d44ee5-da2a-477c-af36-17443fdb94e6	3	The seating area was a bit messy.		f	f	2026-03-28 19:34:00+00				27a481f2-09aa-4c66-aea2-22ab5672c74e	48ee7757-7b18-42fc-95b4-7a4208acebde	14bc0b42-47df-4df8-9a92-f8da56d5a586	e4ad093c-3c23-491c-8b32-0fbc2ebece70	f
a5f14ba6-cde7-45b6-858e-8dc5871f8167	5			f	f	2026-03-28 19:34:00+00				27a481f2-09aa-4c66-aea2-22ab5672c74e	6da33048-bc93-4e58-8dda-f85bbaba7bfc	14bc0b42-47df-4df8-9a92-f8da56d5a586	e4ad093c-3c23-491c-8b32-0fbc2ebece70	f
1d96149e-ec55-4089-8514-02eb6efb0fcc	5	Best espresso in town.		f	f	2026-03-28 20:07:00+00				cb70957f-1f1d-4126-a1a0-188cd8d78681	48ee7757-7b18-42fc-95b4-7a4208acebde	08fd2b2c-2c5d-43f2-8d12-56b2ec088b7d	e4ad093c-3c23-491c-8b32-0fbc2ebece70	f
188daa31-be95-48c9-9b4b-48f97d1a4dc4	4			f	f	2026-03-28 20:07:00+00				cb70957f-1f1d-4126-a1a0-188cd8d78681	6da33048-bc93-4e58-8dda-f85bbaba7bfc	08fd2b2c-2c5d-43f2-8d12-56b2ec088b7d	e4ad093c-3c23-491c-8b32-0fbc2ebece70	f
3c8323df-6237-48f3-a858-d19c8cdcf5d3	3	Really great service, will be back!		f	f	2026-03-28 11:39:00+00				27a481f2-09aa-4c66-aea2-22ab5672c74e	e4e47e42-3207-414c-9851-71bba8d3f33b	52f98f7c-412a-4dd9-9333-d8435e7dc115	1b85962a-e213-4f40-a0f7-75d80dbab5d2	f
13149095-6d49-4ef4-a5b4-3f380023caf5	3	My order wasn't quite right but they fixed it quickly.		f	f	2026-03-29 11:45:00+00				4049a106-e6e2-43ba-b6da-e209b4fb2d5c	e4e47e42-3207-414c-9851-71bba8d3f33b	0ed74eae-37eb-4ec6-be9b-ebcf5928d308	1b85962a-e213-4f40-a0f7-75d80dbab5d2	f
6e7212cb-0f75-436f-b96f-a297ab88d982	5	My order wasn't quite right but they fixed it quickly.		f	f	2026-03-29 13:52:00+00				27a481f2-09aa-4c66-aea2-22ab5672c74e	e4e47e42-3207-414c-9851-71bba8d3f33b	311f1f29-1567-4ab1-8ec3-4cfcb6ed3322	1b85962a-e213-4f40-a0f7-75d80dbab5d2	f
cdd64e9c-7181-448d-951f-14ea6688953c	1	Best espresso in town.		f	f	2026-03-29 19:05:00+00				4049a106-e6e2-43ba-b6da-e209b4fb2d5c	48ee7757-7b18-42fc-95b4-7a4208acebde	d5b05d54-ca4d-4b58-855e-c1a72f6e31c6	e4ad093c-3c23-491c-8b32-0fbc2ebece70	f
ff84430f-9b50-4a22-a9cd-d0b41ba5fa9a	5			f	f	2026-03-29 19:05:00+00				4049a106-e6e2-43ba-b6da-e209b4fb2d5c	6da33048-bc93-4e58-8dda-f85bbaba7bfc	d5b05d54-ca4d-4b58-855e-c1a72f6e31c6	e4ad093c-3c23-491c-8b32-0fbc2ebece70	f
3c898c18-694f-4e05-aaf7-170190c4c2d6	5	Waited too long, expected better.		f	f	2026-03-29 13:25:00+00				27a481f2-09aa-4c66-aea2-22ab5672c74e	e4e47e42-3207-414c-9851-71bba8d3f33b	c48d28f3-4acc-45c8-9592-2e5d06ef2257	1b85962a-e213-4f40-a0f7-75d80dbab5d2	f
1fbd70b3-20e3-4074-8575-1841dfd1e466	5	Really great service, will be back!		f	f	2026-03-29 21:33:00+00				4223895b-aa07-42c3-a090-a9deb20d497d	48ee7757-7b18-42fc-95b4-7a4208acebde	37502341-a006-49fa-be8c-63495ea62eaa	e4ad093c-3c23-491c-8b32-0fbc2ebece70	f
9dc207df-aec0-4342-ae6e-b2966888b9be	5			f	f	2026-03-29 21:33:00+00				4223895b-aa07-42c3-a090-a9deb20d497d	6da33048-bc93-4e58-8dda-f85bbaba7bfc	37502341-a006-49fa-be8c-63495ea62eaa	e4ad093c-3c23-491c-8b32-0fbc2ebece70	f
aec925c1-1e54-4e2b-9233-342c02171b09	4	My order wasn't quite right but they fixed it quickly.		f	f	2026-03-29 17:54:00+00				4223895b-aa07-42c3-a090-a9deb20d497d	e4e47e42-3207-414c-9851-71bba8d3f33b	2d4694e2-c886-424c-bb38-74eb5d667c69	1b85962a-e213-4f40-a0f7-75d80dbab5d2	f
9b6e7b3f-9604-4c23-8801-960f71be5725	5	My order wasn't quite right but they fixed it quickly.		f	f	2026-03-29 20:13:00+00				4223895b-aa07-42c3-a090-a9deb20d497d	e4e47e42-3207-414c-9851-71bba8d3f33b	370ddac2-d031-45c0-9443-1a5299b179ef	1b85962a-e213-4f40-a0f7-75d80dbab5d2	f
9e1a2f41-daa5-4cd4-8cd9-d335e88d129c	4	The seating area was a bit messy.		f	f	2026-03-29 13:52:00+00				cb70957f-1f1d-4126-a1a0-188cd8d78681	e4e47e42-3207-414c-9851-71bba8d3f33b	cbb988ae-5ce7-4a82-a4b6-171e4f4b47a9	1b85962a-e213-4f40-a0f7-75d80dbab5d2	f
443f1245-8dc5-4755-a8bd-01936a4540d5	5	Friendly staff, made my morning.		f	f	2026-03-30 13:39:00+00				4223895b-aa07-42c3-a090-a9deb20d497d	48ee7757-7b18-42fc-95b4-7a4208acebde	751ec89d-b5fd-4275-82ce-450121b796dc	e4ad093c-3c23-491c-8b32-0fbc2ebece70	f
53d7eb61-399f-4cf8-9392-b52054240129	5			f	f	2026-03-30 13:39:00+00				4223895b-aa07-42c3-a090-a9deb20d497d	6da33048-bc93-4e58-8dda-f85bbaba7bfc	751ec89d-b5fd-4275-82ce-450121b796dc	e4ad093c-3c23-491c-8b32-0fbc2ebece70	f
dbbeef96-a0cc-4304-954d-f5c0f7509e80	4	The seating area was a bit messy.		f	f	2026-03-30 14:13:00+00				cb70957f-1f1d-4126-a1a0-188cd8d78681	48ee7757-7b18-42fc-95b4-7a4208acebde	07188a7e-af0a-4bbc-bedb-395335f9e410	e4ad093c-3c23-491c-8b32-0fbc2ebece70	f
c07de6fc-6c60-49b9-9f1b-079f92d444eb	5			f	f	2026-03-30 14:13:00+00				cb70957f-1f1d-4126-a1a0-188cd8d78681	6da33048-bc93-4e58-8dda-f85bbaba7bfc	07188a7e-af0a-4bbc-bedb-395335f9e410	e4ad093c-3c23-491c-8b32-0fbc2ebece70	f
8380eaf9-18a5-4f62-b035-43275790554d	5			f	f	2026-03-30 20:20:00+00				4223895b-aa07-42c3-a090-a9deb20d497d	e4e47e42-3207-414c-9851-71bba8d3f33b	9dd383e0-4752-4842-a7c0-83c50d7e1984	1b85962a-e213-4f40-a0f7-75d80dbab5d2	f
4890bc7e-35e4-460a-b22c-9a13c4db55c9	2	Best espresso in town.		f	f	2026-03-30 07:34:00+00				27a481f2-09aa-4c66-aea2-22ab5672c74e	e4e47e42-3207-414c-9851-71bba8d3f33b	fd3f62ca-29ad-4d15-a1a8-6cce7ed055c5	1b85962a-e213-4f40-a0f7-75d80dbab5d2	f
b9b58b4d-7d20-4463-a75a-56f5e1edc35c	3	The music was too loud.		f	f	2026-03-30 11:48:00+00				27a481f2-09aa-4c66-aea2-22ab5672c74e	e4e47e42-3207-414c-9851-71bba8d3f33b	ee34c3c5-10c8-4773-9f50-19add393d515	1b85962a-e213-4f40-a0f7-75d80dbab5d2	f
63b1017c-4a97-4a6c-9f7d-c969ea08f57b	1	My order wasn't quite right but they fixed it quickly.		f	f	2026-03-30 15:09:00+00				4049a106-e6e2-43ba-b6da-e209b4fb2d5c	e4e47e42-3207-414c-9851-71bba8d3f33b	16cbe92d-f2b2-48f4-b994-6d25867064d8	1b85962a-e213-4f40-a0f7-75d80dbab5d2	f
9282a25d-10b5-4e1d-a302-899f5909359b	2			f	f	2026-03-30 18:26:00+00				27a481f2-09aa-4c66-aea2-22ab5672c74e	48ee7757-7b18-42fc-95b4-7a4208acebde	e08c51f6-3195-43b6-acd1-5a1fdd26ff68	e4ad093c-3c23-491c-8b32-0fbc2ebece70	f
1ba4c645-148c-475b-8455-d4939f6736cc	4			f	f	2026-03-30 18:26:00+00				27a481f2-09aa-4c66-aea2-22ab5672c74e	6da33048-bc93-4e58-8dda-f85bbaba7bfc	e08c51f6-3195-43b6-acd1-5a1fdd26ff68	e4ad093c-3c23-491c-8b32-0fbc2ebece70	f
837b48ce-ef00-4c82-ae4d-77002daafcf1	5	A bit slow today but the coffee was excellent.		f	f	2026-03-30 07:46:00+00				4223895b-aa07-42c3-a090-a9deb20d497d	e4e47e42-3207-414c-9851-71bba8d3f33b	b20feb59-2eec-4b41-9e12-11037e6fb379	1b85962a-e213-4f40-a0f7-75d80dbab5d2	f
43981494-c86a-4552-8b9d-735d22253b28	5	Perfect as always.		f	f	2026-03-31 21:45:00+00				4223895b-aa07-42c3-a090-a9deb20d497d	e4e47e42-3207-414c-9851-71bba8d3f33b	d2fbd3e9-b71b-4ce5-8b6f-11ae007d0f68	1b85962a-e213-4f40-a0f7-75d80dbab5d2	f
4c7ad5e6-6b54-4b8d-b7e5-91900f1286fa	4			f	f	2026-03-31 12:39:00+00				4223895b-aa07-42c3-a090-a9deb20d497d	48ee7757-7b18-42fc-95b4-7a4208acebde	e8b51f76-6947-40fa-8eb7-302ded41714a	e4ad093c-3c23-491c-8b32-0fbc2ebece70	f
bb92e3b2-a78f-4d3c-9ee7-d1438f87b26e	3			f	f	2026-03-31 12:39:00+00				4223895b-aa07-42c3-a090-a9deb20d497d	6da33048-bc93-4e58-8dda-f85bbaba7bfc	e8b51f76-6947-40fa-8eb7-302ded41714a	e4ad093c-3c23-491c-8b32-0fbc2ebece70	f
b6e64303-9821-449b-823c-4c8718b6ca7e	5	Waited too long, expected better.		f	f	2026-03-31 21:05:00+00				4223895b-aa07-42c3-a090-a9deb20d497d	e4e47e42-3207-414c-9851-71bba8d3f33b	2cb33206-45e9-4882-b476-5e7ab6492c16	1b85962a-e213-4f40-a0f7-75d80dbab5d2	f
a1e2c073-0015-4826-bd5a-fa4b0400a2cd	5	Friendly staff, made my morning.		f	f	2026-03-31 16:37:00+00				4223895b-aa07-42c3-a090-a9deb20d497d	e4e47e42-3207-414c-9851-71bba8d3f33b	8d02d469-a29a-4d13-84d8-c81a0aac6bd7	1b85962a-e213-4f40-a0f7-75d80dbab5d2	f
7435aaa5-23b0-4821-9a03-9b6c235123b5	4			f	f	2026-03-31 10:35:00+00				27a481f2-09aa-4c66-aea2-22ab5672c74e	e4e47e42-3207-414c-9851-71bba8d3f33b	b65d1bee-556d-4238-87a6-703c2949b306	1b85962a-e213-4f40-a0f7-75d80dbab5d2	f
19410562-c180-4b1e-acba-dfbb76f45eb5	3			f	f	2026-03-31 21:09:00+00				27a481f2-09aa-4c66-aea2-22ab5672c74e	e4e47e42-3207-414c-9851-71bba8d3f33b	8bade097-7c56-4251-bafe-3b7a54cc8a88	1b85962a-e213-4f40-a0f7-75d80dbab5d2	f
7ec06cc4-4301-44a6-b17b-0db3758b7dfa	4	Best espresso in town.		f	f	2026-03-31 15:46:00+00				27a481f2-09aa-4c66-aea2-22ab5672c74e	e4e47e42-3207-414c-9851-71bba8d3f33b	e05c112d-ff18-4344-9e01-5810803cabbf	1b85962a-e213-4f40-a0f7-75d80dbab5d2	f
cf33ea61-b0a1-4e70-8153-7ca057f9082e	5			f	f	2026-03-31 10:40:00+00				cb70957f-1f1d-4126-a1a0-188cd8d78681	48ee7757-7b18-42fc-95b4-7a4208acebde	4590e074-d568-4684-b6c7-62c23ca840bc	e4ad093c-3c23-491c-8b32-0fbc2ebece70	f
90010726-e981-4419-b04b-a81f0ab686c2	3			f	f	2026-03-31 10:40:00+00				cb70957f-1f1d-4126-a1a0-188cd8d78681	6da33048-bc93-4e58-8dda-f85bbaba7bfc	4590e074-d568-4684-b6c7-62c23ca840bc	e4ad093c-3c23-491c-8b32-0fbc2ebece70	f
36af43cb-a48f-42bb-add8-4c9793ecd873	3	Really great service, will be back!		f	f	2026-03-31 08:31:00+00				27a481f2-09aa-4c66-aea2-22ab5672c74e	48ee7757-7b18-42fc-95b4-7a4208acebde	49d1c3cd-a169-46a3-9d81-562572cba7df	e4ad093c-3c23-491c-8b32-0fbc2ebece70	f
87ba1211-763e-467d-96c9-9ffcc26696ea	3			f	f	2026-03-31 08:31:00+00				27a481f2-09aa-4c66-aea2-22ab5672c74e	6da33048-bc93-4e58-8dda-f85bbaba7bfc	49d1c3cd-a169-46a3-9d81-562572cba7df	e4ad093c-3c23-491c-8b32-0fbc2ebece70	f
7ea8c26e-a963-4ec4-99d4-a5805207301d	4			f	f	2026-03-31 11:22:00+00				27a481f2-09aa-4c66-aea2-22ab5672c74e	48ee7757-7b18-42fc-95b4-7a4208acebde	ee38dbae-9a28-4d70-902b-c6cfcd526128	e4ad093c-3c23-491c-8b32-0fbc2ebece70	f
bacc0139-563d-4e3e-821e-6ba5499d50f6	2			f	f	2026-03-31 11:22:00+00				27a481f2-09aa-4c66-aea2-22ab5672c74e	6da33048-bc93-4e58-8dda-f85bbaba7bfc	ee38dbae-9a28-4d70-902b-c6cfcd526128	e4ad093c-3c23-491c-8b32-0fbc2ebece70	f
4d2df930-ac03-4654-ad45-aa66f063c2ca	4	The music was too loud.		f	f	2026-03-31 18:03:00+00				27a481f2-09aa-4c66-aea2-22ab5672c74e	e4e47e42-3207-414c-9851-71bba8d3f33b	d10985e1-a977-4cf4-ad28-0bbfa2d91098	1b85962a-e213-4f40-a0f7-75d80dbab5d2	f
aa48891c-3e98-4324-a463-6a87c7f5f2b0	4	Loved the atmosphere.		f	f	2026-03-31 17:55:00+00				4049a106-e6e2-43ba-b6da-e209b4fb2d5c	e4e47e42-3207-414c-9851-71bba8d3f33b	284152c0-93b9-45d9-8735-f4271f24c23f	1b85962a-e213-4f40-a0f7-75d80dbab5d2	f
df526f01-ab99-44c4-9c25-6c0602d79a2a	5	Really great service, will be back!		f	f	2026-03-31 12:41:00+00				4223895b-aa07-42c3-a090-a9deb20d497d	e4e47e42-3207-414c-9851-71bba8d3f33b	e3a79c6c-7b5e-4273-9852-80ebf348fd9d	1b85962a-e213-4f40-a0f7-75d80dbab5d2	f
6ed68193-a000-47c4-9bf9-321bd0c5121e	2	Really great service, will be back!		f	f	2026-03-31 13:29:00+00				4049a106-e6e2-43ba-b6da-e209b4fb2d5c	e4e47e42-3207-414c-9851-71bba8d3f33b	d53bf77c-b8b2-4e69-a58d-c2561669c6b2	1b85962a-e213-4f40-a0f7-75d80dbab5d2	f
ca0f16a9-e1f8-4aa2-b427-4a73d4484b55	4			f	f	2026-03-31 07:43:00+00				27a481f2-09aa-4c66-aea2-22ab5672c74e	48ee7757-7b18-42fc-95b4-7a4208acebde	5fb157eb-0bc2-4708-9d26-b2bd3bcaaf7f	e4ad093c-3c23-491c-8b32-0fbc2ebece70	f
38d5070d-1848-42f7-87ab-f896e35b8524	5			f	f	2026-03-31 07:43:00+00				27a481f2-09aa-4c66-aea2-22ab5672c74e	6da33048-bc93-4e58-8dda-f85bbaba7bfc	5fb157eb-0bc2-4708-9d26-b2bd3bcaaf7f	e4ad093c-3c23-491c-8b32-0fbc2ebece70	f
73f35b6d-7a07-4697-be67-6a3e3aa03269	3	My order wasn't quite right but they fixed it quickly.		f	f	2026-03-31 12:11:00+00				cb70957f-1f1d-4126-a1a0-188cd8d78681	48ee7757-7b18-42fc-95b4-7a4208acebde	8bf653f8-fa94-429d-af88-8256c52d0fc3	e4ad093c-3c23-491c-8b32-0fbc2ebece70	f
46a5c937-1906-4a05-842e-9856d3f53cc7	3			f	f	2026-03-31 12:11:00+00				cb70957f-1f1d-4126-a1a0-188cd8d78681	6da33048-bc93-4e58-8dda-f85bbaba7bfc	8bf653f8-fa94-429d-af88-8256c52d0fc3	e4ad093c-3c23-491c-8b32-0fbc2ebece70	f
7f5dc9fb-50f5-457e-946a-d5a51d2a8b7e	5	My order wasn't quite right but they fixed it quickly.		f	f	2026-03-31 07:23:00+00				27a481f2-09aa-4c66-aea2-22ab5672c74e	e4e47e42-3207-414c-9851-71bba8d3f33b	b9f7e281-a5ab-4b8c-a6a9-96c957f72688	1b85962a-e213-4f40-a0f7-75d80dbab5d2	f
15b6e95b-3ea5-4eee-8956-37f94bb3b89f	5	Perfect as always.		f	f	2026-03-31 13:41:00+00				4049a106-e6e2-43ba-b6da-e209b4fb2d5c	48ee7757-7b18-42fc-95b4-7a4208acebde	b72a4860-3b62-458c-b739-a9a5ba7cf279	e4ad093c-3c23-491c-8b32-0fbc2ebece70	f
f0fa814f-761d-4d65-b678-553c4a7e3285	4			f	f	2026-03-31 13:41:00+00				4049a106-e6e2-43ba-b6da-e209b4fb2d5c	6da33048-bc93-4e58-8dda-f85bbaba7bfc	b72a4860-3b62-458c-b739-a9a5ba7cf279	e4ad093c-3c23-491c-8b32-0fbc2ebece70	f
2764d729-bed6-4760-973e-036fabfb8735	2			f	f	2026-03-31 18:46:00+00				4049a106-e6e2-43ba-b6da-e209b4fb2d5c	48ee7757-7b18-42fc-95b4-7a4208acebde	a9ca4743-4c9a-491f-a073-39f9ecf277f8	e4ad093c-3c23-491c-8b32-0fbc2ebece70	f
6f70f4f6-1f91-40d7-9f37-6a1462739fbb	4			f	f	2026-03-31 18:46:00+00				4049a106-e6e2-43ba-b6da-e209b4fb2d5c	6da33048-bc93-4e58-8dda-f85bbaba7bfc	a9ca4743-4c9a-491f-a073-39f9ecf277f8	e4ad093c-3c23-491c-8b32-0fbc2ebece70	f
65fa91e4-57da-4843-bab3-97f60e9e6536	4			f	f	2026-04-01 16:33:00+00				4223895b-aa07-42c3-a090-a9deb20d497d	e4e47e42-3207-414c-9851-71bba8d3f33b	40de2f4a-a820-4dc7-89af-919738514c4c	1b85962a-e213-4f40-a0f7-75d80dbab5d2	f
b0b4bce7-8514-44fc-b1ce-6a012340414c	4	The seating area was a bit messy.		f	f	2026-04-01 12:37:00+00				27a481f2-09aa-4c66-aea2-22ab5672c74e	e4e47e42-3207-414c-9851-71bba8d3f33b	4a2064cd-0c89-448e-8708-681913deae88	1b85962a-e213-4f40-a0f7-75d80dbab5d2	f
a6d555be-d699-4e31-a056-15675cf36e74	2			f	f	2026-04-06 15:42:00+00				27a481f2-09aa-4c66-aea2-22ab5672c74e	6da33048-bc93-4e58-8dda-f85bbaba7bfc	aaffd3ae-a93a-449d-9498-85281ccbcc17	e4ad093c-3c23-491c-8b32-0fbc2ebece70	f
3b23a5be-c15d-408e-80bd-3bce31bfc02d	4	The music was too loud.		f	f	2026-04-01 07:15:00+00				cb70957f-1f1d-4126-a1a0-188cd8d78681	e4e47e42-3207-414c-9851-71bba8d3f33b	1249b8d0-24fe-45d6-b235-a029460f6f8f	1b85962a-e213-4f40-a0f7-75d80dbab5d2	f
fc79c895-a9eb-42a2-a92b-5b425ccd6ad6	4	A bit slow today but the coffee was excellent.		f	f	2026-04-01 09:12:00+00				27a481f2-09aa-4c66-aea2-22ab5672c74e	48ee7757-7b18-42fc-95b4-7a4208acebde	206dc70c-83c5-4c5f-b115-e8174f9ab2a2	e4ad093c-3c23-491c-8b32-0fbc2ebece70	f
47d2201f-a267-4c25-bdea-562189d20512	3			f	f	2026-04-01 09:12:00+00				27a481f2-09aa-4c66-aea2-22ab5672c74e	6da33048-bc93-4e58-8dda-f85bbaba7bfc	206dc70c-83c5-4c5f-b115-e8174f9ab2a2	e4ad093c-3c23-491c-8b32-0fbc2ebece70	f
acc68cf5-0dcc-4178-ba61-33f0601cd34e	4	Really great service, will be back!		f	f	2026-04-01 18:06:00+00				4049a106-e6e2-43ba-b6da-e209b4fb2d5c	48ee7757-7b18-42fc-95b4-7a4208acebde	02952700-34a2-4f43-9b04-043ba8932d60	e4ad093c-3c23-491c-8b32-0fbc2ebece70	f
7bd4b2f9-d4dd-4ffa-ad40-9d18fe43f9fc	4			f	f	2026-04-01 18:06:00+00				4049a106-e6e2-43ba-b6da-e209b4fb2d5c	6da33048-bc93-4e58-8dda-f85bbaba7bfc	02952700-34a2-4f43-9b04-043ba8932d60	e4ad093c-3c23-491c-8b32-0fbc2ebece70	f
945357c9-d24c-4e7c-88fd-76572bd230a4	4	Waited too long, expected better.		f	f	2026-04-01 08:12:00+00				cb70957f-1f1d-4126-a1a0-188cd8d78681	e4e47e42-3207-414c-9851-71bba8d3f33b	f4557607-3632-4b58-8b21-86fdda19ebe0	1b85962a-e213-4f40-a0f7-75d80dbab5d2	f
8c8a7afa-d1de-452b-aee3-e62158deba0d	4	The music was too loud.		f	f	2026-04-01 11:26:00+00				4223895b-aa07-42c3-a090-a9deb20d497d	e4e47e42-3207-414c-9851-71bba8d3f33b	1b5956bd-ec3c-4ca6-be31-276676153913	1b85962a-e213-4f40-a0f7-75d80dbab5d2	f
b28bd456-cce6-46f3-99f2-a4384a9a6f8d	4	Waited too long, expected better.		f	f	2026-04-01 14:08:00+00				27a481f2-09aa-4c66-aea2-22ab5672c74e	e4e47e42-3207-414c-9851-71bba8d3f33b	247f28a6-3cf8-4d7a-bb34-c74e8bec23c8	1b85962a-e213-4f40-a0f7-75d80dbab5d2	f
706774bd-1846-40cb-85d7-9173b70fc4d8	4	The seating area was a bit messy.		f	f	2026-04-01 12:19:00+00				cb70957f-1f1d-4126-a1a0-188cd8d78681	e4e47e42-3207-414c-9851-71bba8d3f33b	6bac3a5c-8e8f-4077-a434-a10440b75710	1b85962a-e213-4f40-a0f7-75d80dbab5d2	f
3e9c19c9-3f64-439e-94c3-eba306ac4135	4			f	f	2026-04-01 15:06:00+00				27a481f2-09aa-4c66-aea2-22ab5672c74e	48ee7757-7b18-42fc-95b4-7a4208acebde	94faad62-4952-49f7-ab92-1dec2127a612	e4ad093c-3c23-491c-8b32-0fbc2ebece70	f
94efea4b-b2d2-441b-8693-5e72c2b48da2	2			f	f	2026-04-01 15:06:00+00				27a481f2-09aa-4c66-aea2-22ab5672c74e	6da33048-bc93-4e58-8dda-f85bbaba7bfc	94faad62-4952-49f7-ab92-1dec2127a612	e4ad093c-3c23-491c-8b32-0fbc2ebece70	f
5ec5547a-4a60-497a-9229-4b94d04e8de9	3			f	f	2026-04-01 11:03:00+00				4049a106-e6e2-43ba-b6da-e209b4fb2d5c	48ee7757-7b18-42fc-95b4-7a4208acebde	9d5d59d0-2527-4d79-8e28-3568855a2be4	e4ad093c-3c23-491c-8b32-0fbc2ebece70	f
8b8f298a-30ab-408c-a3ac-6756b9af23e3	5			f	f	2026-04-01 11:03:00+00				4049a106-e6e2-43ba-b6da-e209b4fb2d5c	6da33048-bc93-4e58-8dda-f85bbaba7bfc	9d5d59d0-2527-4d79-8e28-3568855a2be4	e4ad093c-3c23-491c-8b32-0fbc2ebece70	f
0839d9e7-e3d8-4803-a9e4-c4338f5a2c2a	1	My order wasn't quite right but they fixed it quickly.		f	f	2026-04-01 17:24:00+00				4049a106-e6e2-43ba-b6da-e209b4fb2d5c	48ee7757-7b18-42fc-95b4-7a4208acebde	835bfc61-74db-42e7-8516-380d7197e096	e4ad093c-3c23-491c-8b32-0fbc2ebece70	f
584f02ca-e9da-4c1b-8533-def6e5ef9a09	2			f	f	2026-04-01 17:24:00+00				4049a106-e6e2-43ba-b6da-e209b4fb2d5c	6da33048-bc93-4e58-8dda-f85bbaba7bfc	835bfc61-74db-42e7-8516-380d7197e096	e4ad093c-3c23-491c-8b32-0fbc2ebece70	f
349021f0-d8f5-484a-8f2b-883ca96f84b1	4			f	f	2026-04-01 20:12:00+00				cb70957f-1f1d-4126-a1a0-188cd8d78681	e4e47e42-3207-414c-9851-71bba8d3f33b	1113d834-9dfb-4866-97cc-2a0587869b7c	1b85962a-e213-4f40-a0f7-75d80dbab5d2	f
c3627b1d-84e1-4334-98a9-87aed7ede293	3	Friendly staff, made my morning.		f	f	2026-04-01 08:38:00+00				4049a106-e6e2-43ba-b6da-e209b4fb2d5c	48ee7757-7b18-42fc-95b4-7a4208acebde	0657bef8-1fff-4172-9af8-30998b7dc393	e4ad093c-3c23-491c-8b32-0fbc2ebece70	f
307c527a-7786-4119-82e2-395735b3f092	4			f	f	2026-04-01 08:38:00+00				4049a106-e6e2-43ba-b6da-e209b4fb2d5c	6da33048-bc93-4e58-8dda-f85bbaba7bfc	0657bef8-1fff-4172-9af8-30998b7dc393	e4ad093c-3c23-491c-8b32-0fbc2ebece70	f
08711d06-c217-493d-9179-90b4cdf9559e	3	Really great service, will be back!		f	f	2026-04-02 08:04:00+00				27a481f2-09aa-4c66-aea2-22ab5672c74e	48ee7757-7b18-42fc-95b4-7a4208acebde	5b0e3a6a-fdaf-4c37-8d01-698d88da94ad	e4ad093c-3c23-491c-8b32-0fbc2ebece70	f
6b8840a1-6101-4c84-abae-e7f3bfdb4490	5			f	f	2026-04-02 08:04:00+00				27a481f2-09aa-4c66-aea2-22ab5672c74e	6da33048-bc93-4e58-8dda-f85bbaba7bfc	5b0e3a6a-fdaf-4c37-8d01-698d88da94ad	e4ad093c-3c23-491c-8b32-0fbc2ebece70	f
375f2438-1a3b-45e7-be62-0322d446d1cf	5			f	f	2026-04-02 20:23:00+00				cb70957f-1f1d-4126-a1a0-188cd8d78681	e4e47e42-3207-414c-9851-71bba8d3f33b	94ecac27-8982-44ea-a9fb-7fa4e267ec8f	1b85962a-e213-4f40-a0f7-75d80dbab5d2	f
2b091150-5a53-4727-a044-09605f579c15	3	Perfect as always.		f	f	2026-04-02 16:23:00+00				4049a106-e6e2-43ba-b6da-e209b4fb2d5c	e4e47e42-3207-414c-9851-71bba8d3f33b	6d65edb1-6275-44b8-9a3f-c3ae1a10da63	1b85962a-e213-4f40-a0f7-75d80dbab5d2	f
c8044a60-7989-4783-8f8e-070be482dc27	4	Waited too long, expected better.		f	f	2026-04-02 21:02:00+00				4049a106-e6e2-43ba-b6da-e209b4fb2d5c	e4e47e42-3207-414c-9851-71bba8d3f33b	c02ad8dc-38bb-4002-9499-cc8c4e651703	1b85962a-e213-4f40-a0f7-75d80dbab5d2	f
403bf523-ea6f-457e-9720-743f8093a3cb	4	Waited too long, expected better.		f	f	2026-04-02 21:49:00+00				27a481f2-09aa-4c66-aea2-22ab5672c74e	48ee7757-7b18-42fc-95b4-7a4208acebde	8b8eea34-1158-4d12-ad5a-3fea69584084	e4ad093c-3c23-491c-8b32-0fbc2ebece70	f
dd5750c2-88a3-498a-bfaf-ea9dedad819c	4			f	f	2026-04-02 21:49:00+00				27a481f2-09aa-4c66-aea2-22ab5672c74e	6da33048-bc93-4e58-8dda-f85bbaba7bfc	8b8eea34-1158-4d12-ad5a-3fea69584084	e4ad093c-3c23-491c-8b32-0fbc2ebece70	f
26567292-53d8-4051-ba5a-571bff5fe58d	5	A bit slow today but the coffee was excellent.		f	f	2026-04-02 21:18:00+00				4223895b-aa07-42c3-a090-a9deb20d497d	48ee7757-7b18-42fc-95b4-7a4208acebde	4cd35cc2-ca62-489f-9aaf-2b1e343957eb	e4ad093c-3c23-491c-8b32-0fbc2ebece70	f
ff0b3bd5-408d-43f5-8cdf-2668aafbe639	4			f	f	2026-04-02 21:18:00+00				4223895b-aa07-42c3-a090-a9deb20d497d	6da33048-bc93-4e58-8dda-f85bbaba7bfc	4cd35cc2-ca62-489f-9aaf-2b1e343957eb	e4ad093c-3c23-491c-8b32-0fbc2ebece70	f
2d4b545b-1fdc-4d1d-88f3-83b1e0679d2d	3	Friendly staff, made my morning.		f	f	2026-04-02 20:23:00+00				27a481f2-09aa-4c66-aea2-22ab5672c74e	e4e47e42-3207-414c-9851-71bba8d3f33b	b19490bb-5ded-4ed0-b01c-70bffb161faf	1b85962a-e213-4f40-a0f7-75d80dbab5d2	f
09110f86-18b7-4f43-af1b-8b9afd71173b	5	My order wasn't quite right but they fixed it quickly.		f	f	2026-04-02 20:10:00+00				cb70957f-1f1d-4126-a1a0-188cd8d78681	e4e47e42-3207-414c-9851-71bba8d3f33b	b286d880-d66c-442b-ac1c-972980ce5087	1b85962a-e213-4f40-a0f7-75d80dbab5d2	f
57abc486-9b1f-4f03-b250-63d60938fa5d	4	Best espresso in town.		f	f	2026-04-02 09:46:00+00				27a481f2-09aa-4c66-aea2-22ab5672c74e	48ee7757-7b18-42fc-95b4-7a4208acebde	b0ce8fbe-b93c-46ca-8edc-26131d8e9de2	e4ad093c-3c23-491c-8b32-0fbc2ebece70	f
92ff3988-512b-4fa9-a8d6-54a659c6170a	5			f	f	2026-04-02 09:46:00+00				27a481f2-09aa-4c66-aea2-22ab5672c74e	6da33048-bc93-4e58-8dda-f85bbaba7bfc	b0ce8fbe-b93c-46ca-8edc-26131d8e9de2	e4ad093c-3c23-491c-8b32-0fbc2ebece70	f
d803550a-32b4-4745-ae9b-3fbf9b46549d	4	Best espresso in town.		f	f	2026-04-02 15:22:00+00				4223895b-aa07-42c3-a090-a9deb20d497d	e4e47e42-3207-414c-9851-71bba8d3f33b	154018d0-384e-4ce5-bbdf-785300eab146	1b85962a-e213-4f40-a0f7-75d80dbab5d2	f
cc2d7bbc-544b-4384-9005-c78d2f6aa93a	4			f	f	2026-04-02 08:01:00+00				27a481f2-09aa-4c66-aea2-22ab5672c74e	48ee7757-7b18-42fc-95b4-7a4208acebde	760e718c-2cde-4b5c-89e6-31c1cb4ab968	e4ad093c-3c23-491c-8b32-0fbc2ebece70	f
4eeadc63-2926-4b67-9427-9558f1912993	5			f	f	2026-04-02 08:01:00+00				27a481f2-09aa-4c66-aea2-22ab5672c74e	6da33048-bc93-4e58-8dda-f85bbaba7bfc	760e718c-2cde-4b5c-89e6-31c1cb4ab968	e4ad093c-3c23-491c-8b32-0fbc2ebece70	f
9d37c918-b51d-4eab-bfc0-210afc861aaf	3	My order wasn't quite right but they fixed it quickly.		f	f	2026-04-02 08:02:00+00				cb70957f-1f1d-4126-a1a0-188cd8d78681	48ee7757-7b18-42fc-95b4-7a4208acebde	5564ed4b-584b-45db-a554-ebe0b1d259cf	e4ad093c-3c23-491c-8b32-0fbc2ebece70	f
6575c0a8-8439-49ac-9a99-39bdf2525223	4			f	f	2026-04-02 08:02:00+00				cb70957f-1f1d-4126-a1a0-188cd8d78681	6da33048-bc93-4e58-8dda-f85bbaba7bfc	5564ed4b-584b-45db-a554-ebe0b1d259cf	e4ad093c-3c23-491c-8b32-0fbc2ebece70	f
df37c8f9-a9c1-4291-a01c-623d59554f25	4			f	f	2026-04-02 10:42:00+00				4223895b-aa07-42c3-a090-a9deb20d497d	48ee7757-7b18-42fc-95b4-7a4208acebde	aa228168-275a-430d-b6c4-1d865549adae	e4ad093c-3c23-491c-8b32-0fbc2ebece70	f
4ae59df5-ddc4-40d0-9f3b-a4355f692e44	4			f	f	2026-04-02 10:42:00+00				4223895b-aa07-42c3-a090-a9deb20d497d	6da33048-bc93-4e58-8dda-f85bbaba7bfc	aa228168-275a-430d-b6c4-1d865549adae	e4ad093c-3c23-491c-8b32-0fbc2ebece70	f
6e3171c3-cd6e-4fb0-a2ac-51e3037fdd16	2			f	f	2026-04-02 08:05:00+00				4049a106-e6e2-43ba-b6da-e209b4fb2d5c	48ee7757-7b18-42fc-95b4-7a4208acebde	443a841b-bc82-4c59-9ba1-d4bd0bdfbe7c	e4ad093c-3c23-491c-8b32-0fbc2ebece70	f
c50292ef-633a-48ec-a24a-e57c34d9a567	3			f	f	2026-04-02 08:05:00+00				4049a106-e6e2-43ba-b6da-e209b4fb2d5c	6da33048-bc93-4e58-8dda-f85bbaba7bfc	443a841b-bc82-4c59-9ba1-d4bd0bdfbe7c	e4ad093c-3c23-491c-8b32-0fbc2ebece70	f
9f531965-e90a-4eb2-a94f-c62cab517676	3	Waited too long, expected better.		f	f	2026-04-02 17:27:00+00				27a481f2-09aa-4c66-aea2-22ab5672c74e	e4e47e42-3207-414c-9851-71bba8d3f33b	a84c4fd5-f884-436a-bf10-7637d748294b	1b85962a-e213-4f40-a0f7-75d80dbab5d2	f
209a7c50-aa91-489a-8585-002f29cde484	5			f	f	2026-04-02 07:28:00+00				4223895b-aa07-42c3-a090-a9deb20d497d	48ee7757-7b18-42fc-95b4-7a4208acebde	46be1c64-6bbc-4c02-9931-ca6db85b452d	e4ad093c-3c23-491c-8b32-0fbc2ebece70	f
77001436-9294-46f6-ab28-6be7ecce3f95	4			f	f	2026-04-02 07:28:00+00				4223895b-aa07-42c3-a090-a9deb20d497d	6da33048-bc93-4e58-8dda-f85bbaba7bfc	46be1c64-6bbc-4c02-9931-ca6db85b452d	e4ad093c-3c23-491c-8b32-0fbc2ebece70	f
db4a87f3-3484-4cd0-96ea-61700976d1b9	4	The seating area was a bit messy.		f	f	2026-04-02 19:57:00+00				4223895b-aa07-42c3-a090-a9deb20d497d	e4e47e42-3207-414c-9851-71bba8d3f33b	d41a97fa-e717-4d31-a4d8-d42d4a8e7e30	1b85962a-e213-4f40-a0f7-75d80dbab5d2	f
deea5814-2607-4fe7-a037-d2c7b4ba8028	4			f	f	2026-04-02 18:44:00+00				cb70957f-1f1d-4126-a1a0-188cd8d78681	e4e47e42-3207-414c-9851-71bba8d3f33b	fba9a2a2-c43b-43fb-8881-95f691678efe	1b85962a-e213-4f40-a0f7-75d80dbab5d2	f
caaffbf9-51b3-4983-89a6-c807dc42b2c6	2			f	f	2026-04-03 16:28:00+00				4049a106-e6e2-43ba-b6da-e209b4fb2d5c	48ee7757-7b18-42fc-95b4-7a4208acebde	e691067e-5c5a-4de0-9374-0c56a5e264e3	e4ad093c-3c23-491c-8b32-0fbc2ebece70	f
009eae71-5ec0-4998-9b02-451d7b9400d2	4			f	f	2026-04-03 16:28:00+00				4049a106-e6e2-43ba-b6da-e209b4fb2d5c	6da33048-bc93-4e58-8dda-f85bbaba7bfc	e691067e-5c5a-4de0-9374-0c56a5e264e3	e4ad093c-3c23-491c-8b32-0fbc2ebece70	f
11a30bdc-3f0a-4126-a0c5-563a72dc4d4e	5	Perfect as always.		f	f	2026-04-03 09:05:00+00				4049a106-e6e2-43ba-b6da-e209b4fb2d5c	e4e47e42-3207-414c-9851-71bba8d3f33b	fb6b6056-9d99-48b9-9c4f-7bc3a61ae102	1b85962a-e213-4f40-a0f7-75d80dbab5d2	f
94a8bf70-23ec-482e-bde7-75d7ab1971ce	4			f	f	2026-04-03 18:42:00+00				4223895b-aa07-42c3-a090-a9deb20d497d	e4e47e42-3207-414c-9851-71bba8d3f33b	81684ea0-cae4-4790-9bfe-307e4e68be38	1b85962a-e213-4f40-a0f7-75d80dbab5d2	f
e116b8dd-6204-4bd7-923b-5b6716c1cf42	3			f	f	2026-04-03 07:24:00+00				27a481f2-09aa-4c66-aea2-22ab5672c74e	48ee7757-7b18-42fc-95b4-7a4208acebde	b94cc6df-1e02-4020-9c20-ebb90c3838ce	e4ad093c-3c23-491c-8b32-0fbc2ebece70	f
494b8798-5810-4069-8cc3-680160640d5d	4			f	f	2026-04-03 07:24:00+00				27a481f2-09aa-4c66-aea2-22ab5672c74e	6da33048-bc93-4e58-8dda-f85bbaba7bfc	b94cc6df-1e02-4020-9c20-ebb90c3838ce	e4ad093c-3c23-491c-8b32-0fbc2ebece70	f
6c381c5a-bf5d-4f44-b95e-9d4b529d199d	3	Best espresso in town.		f	f	2026-04-03 20:36:00+00				4049a106-e6e2-43ba-b6da-e209b4fb2d5c	e4e47e42-3207-414c-9851-71bba8d3f33b	a9446aef-d756-4b93-9624-68777c980f67	1b85962a-e213-4f40-a0f7-75d80dbab5d2	f
6cd9ad8f-81fe-44e7-8a5c-b866349480cd	3			f	f	2026-04-21 21:04:14.98907+00				fe638d10-8bd8-4e25-9304-9649e9bd3c89	d3f54542-7bab-4f29-b6d0-a1564613fffa	d9b1f6ce-31e6-4cc2-b2f9-0f24828b7474	d4aab498-ace9-4d7e-84c2-f728734bc203	f
7b65aaf3-5397-4885-a928-082ab6940540	4	Loved the atmosphere.		f	f	2026-04-03 07:46:00+00				cb70957f-1f1d-4126-a1a0-188cd8d78681	e4e47e42-3207-414c-9851-71bba8d3f33b	854854c5-34a9-46d9-8f4c-66d7b4feff06	1b85962a-e213-4f40-a0f7-75d80dbab5d2	f
b189eff0-e0b4-4e44-a92f-0c2e84051acd	5	A bit slow today but the coffee was excellent.		f	f	2026-04-03 17:06:00+00				4223895b-aa07-42c3-a090-a9deb20d497d	48ee7757-7b18-42fc-95b4-7a4208acebde	cda0ffd3-2f7d-4043-ac0e-38fed213cf8c	e4ad093c-3c23-491c-8b32-0fbc2ebece70	f
a3d37b46-fb1d-452f-9715-c4e1cc8dc7c7	5			f	f	2026-04-03 17:06:00+00				4223895b-aa07-42c3-a090-a9deb20d497d	6da33048-bc93-4e58-8dda-f85bbaba7bfc	cda0ffd3-2f7d-4043-ac0e-38fed213cf8c	e4ad093c-3c23-491c-8b32-0fbc2ebece70	f
96b0d310-c018-4fea-9abe-52d837d6e22e	5			f	f	2026-04-03 12:17:00+00				cb70957f-1f1d-4126-a1a0-188cd8d78681	48ee7757-7b18-42fc-95b4-7a4208acebde	da7e7263-a10b-49e4-905b-7628c4823fe1	e4ad093c-3c23-491c-8b32-0fbc2ebece70	f
a762798b-adb5-4a3c-894a-ca74ac49ca08	4			f	f	2026-04-03 12:17:00+00				cb70957f-1f1d-4126-a1a0-188cd8d78681	6da33048-bc93-4e58-8dda-f85bbaba7bfc	da7e7263-a10b-49e4-905b-7628c4823fe1	e4ad093c-3c23-491c-8b32-0fbc2ebece70	f
5338f1b2-aba0-4df7-848a-f828fe793792	2	The seating area was a bit messy.		f	f	2026-04-03 17:42:00+00				27a481f2-09aa-4c66-aea2-22ab5672c74e	e4e47e42-3207-414c-9851-71bba8d3f33b	5ffb0076-ca34-4b96-908f-15000dd8db55	1b85962a-e213-4f40-a0f7-75d80dbab5d2	f
4771b357-7948-4315-a3cb-9dc0307165d6	2	A bit slow today but the coffee was excellent.		f	f	2026-04-03 09:05:00+00				4049a106-e6e2-43ba-b6da-e209b4fb2d5c	48ee7757-7b18-42fc-95b4-7a4208acebde	6accfcc3-8dda-49ee-afa4-296d64e173e2	e4ad093c-3c23-491c-8b32-0fbc2ebece70	f
9afe65b1-2d8c-4e82-9ee2-db9d48924fce	3			f	f	2026-04-03 09:05:00+00				4049a106-e6e2-43ba-b6da-e209b4fb2d5c	6da33048-bc93-4e58-8dda-f85bbaba7bfc	6accfcc3-8dda-49ee-afa4-296d64e173e2	e4ad093c-3c23-491c-8b32-0fbc2ebece70	f
e996ad8c-0ff7-46ad-b556-671a6878b365	4			f	f	2026-04-03 09:55:00+00				cb70957f-1f1d-4126-a1a0-188cd8d78681	48ee7757-7b18-42fc-95b4-7a4208acebde	01d3630a-3df5-45eb-beb6-09e075864350	e4ad093c-3c23-491c-8b32-0fbc2ebece70	f
2568da43-fd1e-4ed8-828d-f396a1d68b8b	5			f	f	2026-04-03 09:55:00+00				cb70957f-1f1d-4126-a1a0-188cd8d78681	6da33048-bc93-4e58-8dda-f85bbaba7bfc	01d3630a-3df5-45eb-beb6-09e075864350	e4ad093c-3c23-491c-8b32-0fbc2ebece70	f
74b1146e-116d-42e7-88b7-09c8e708328f	1	A bit slow today but the coffee was excellent.		f	f	2026-04-03 07:30:00+00				4049a106-e6e2-43ba-b6da-e209b4fb2d5c	e4e47e42-3207-414c-9851-71bba8d3f33b	eea021ad-d9fd-4a2d-91d4-b6c69580c69d	1b85962a-e213-4f40-a0f7-75d80dbab5d2	f
8795c149-c557-4303-a629-eb6fb0c1a5e2	1	Loved the atmosphere.		f	f	2026-04-03 20:30:00+00				27a481f2-09aa-4c66-aea2-22ab5672c74e	48ee7757-7b18-42fc-95b4-7a4208acebde	af916631-7ad3-4516-967e-2d9ea3f78522	e4ad093c-3c23-491c-8b32-0fbc2ebece70	f
ee706283-95d7-4a87-8474-cf9cdd9519ac	3			f	f	2026-04-03 20:30:00+00				27a481f2-09aa-4c66-aea2-22ab5672c74e	6da33048-bc93-4e58-8dda-f85bbaba7bfc	af916631-7ad3-4516-967e-2d9ea3f78522	e4ad093c-3c23-491c-8b32-0fbc2ebece70	f
3bd332a6-86d7-4a1b-ace8-a6fd8e3ca29f	4	My order wasn't quite right but they fixed it quickly.		f	f	2026-04-04 07:11:00+00				27a481f2-09aa-4c66-aea2-22ab5672c74e	48ee7757-7b18-42fc-95b4-7a4208acebde	be2e7425-89e1-4a5f-840c-71837db660b6	e4ad093c-3c23-491c-8b32-0fbc2ebece70	f
8517d757-5c45-4db1-8a11-f004701c4347	5			f	f	2026-04-04 07:11:00+00				27a481f2-09aa-4c66-aea2-22ab5672c74e	6da33048-bc93-4e58-8dda-f85bbaba7bfc	be2e7425-89e1-4a5f-840c-71837db660b6	e4ad093c-3c23-491c-8b32-0fbc2ebece70	f
c296e4b8-bcea-4a17-8905-4e608340a7a7	2	The seating area was a bit messy.		f	f	2026-04-04 14:29:00+00				4049a106-e6e2-43ba-b6da-e209b4fb2d5c	e4e47e42-3207-414c-9851-71bba8d3f33b	ef0f7d79-9c67-49d1-be0f-bc9ac051f30a	1b85962a-e213-4f40-a0f7-75d80dbab5d2	f
ec3e492c-d269-4201-8ece-c42e8b603ee3	5			f	f	2026-04-04 16:37:00+00				4049a106-e6e2-43ba-b6da-e209b4fb2d5c	e4e47e42-3207-414c-9851-71bba8d3f33b	f97e543f-4e29-43be-81f1-4882e351a676	1b85962a-e213-4f40-a0f7-75d80dbab5d2	f
736d7343-8d3c-4ce9-8638-d1854a8e42ee	5	Loved the atmosphere.		f	f	2026-04-04 18:36:00+00				cb70957f-1f1d-4126-a1a0-188cd8d78681	e4e47e42-3207-414c-9851-71bba8d3f33b	34ba34e8-2a0b-44d5-86dc-47251981aeaa	1b85962a-e213-4f40-a0f7-75d80dbab5d2	f
1a534005-e2fb-4960-99fb-2aa636636330	4			f	f	2026-04-04 16:59:00+00				cb70957f-1f1d-4126-a1a0-188cd8d78681	48ee7757-7b18-42fc-95b4-7a4208acebde	2f4428a3-f3a9-4603-a92d-1d879de96646	e4ad093c-3c23-491c-8b32-0fbc2ebece70	f
8b7035da-d70b-4608-bca0-d5a1f9348b61	5			f	f	2026-04-04 16:59:00+00				cb70957f-1f1d-4126-a1a0-188cd8d78681	6da33048-bc93-4e58-8dda-f85bbaba7bfc	2f4428a3-f3a9-4603-a92d-1d879de96646	e4ad093c-3c23-491c-8b32-0fbc2ebece70	f
d544f84b-5ee9-42d3-9795-7d7a5ad7b6cc	5			f	f	2026-04-04 20:18:00+00				4049a106-e6e2-43ba-b6da-e209b4fb2d5c	e4e47e42-3207-414c-9851-71bba8d3f33b	bb111324-cb7d-4b93-889d-aa26c45e96d5	1b85962a-e213-4f40-a0f7-75d80dbab5d2	f
000c4a1c-b391-426d-b3c1-87eae328c5a3	5			f	f	2026-04-04 07:59:00+00				27a481f2-09aa-4c66-aea2-22ab5672c74e	e4e47e42-3207-414c-9851-71bba8d3f33b	07525f5f-fd63-483c-9812-4497a4612817	1b85962a-e213-4f40-a0f7-75d80dbab5d2	f
6cafc7fb-7d2b-4f77-9b13-91cf6cdf125b	3	Really great service, will be back!		f	f	2026-04-04 14:05:00+00				4223895b-aa07-42c3-a090-a9deb20d497d	48ee7757-7b18-42fc-95b4-7a4208acebde	f806e6ac-57de-43e9-b072-19a391972d46	e4ad093c-3c23-491c-8b32-0fbc2ebece70	f
c34a8fae-5335-464f-86be-ca05abbcb605	4			f	f	2026-04-04 14:05:00+00				4223895b-aa07-42c3-a090-a9deb20d497d	6da33048-bc93-4e58-8dda-f85bbaba7bfc	f806e6ac-57de-43e9-b072-19a391972d46	e4ad093c-3c23-491c-8b32-0fbc2ebece70	f
3e4dbce1-d1ec-473c-95ea-7ffb72a70e82	3	Friendly staff, made my morning.		f	f	2026-04-04 17:45:00+00				27a481f2-09aa-4c66-aea2-22ab5672c74e	e4e47e42-3207-414c-9851-71bba8d3f33b	19e4838d-b7d4-4dc6-b98b-e9fefa1b3088	1b85962a-e213-4f40-a0f7-75d80dbab5d2	f
f0fb96ad-57b2-4701-ba09-9e933874707c	4			f	f	2026-04-04 16:11:00+00				cb70957f-1f1d-4126-a1a0-188cd8d78681	e4e47e42-3207-414c-9851-71bba8d3f33b	91753711-4a0b-4bf9-8ce3-a5218f24da53	1b85962a-e213-4f40-a0f7-75d80dbab5d2	f
f4970267-f555-4d62-a567-acdf7818269c	4	Friendly staff, made my morning.		f	f	2026-04-05 08:07:00+00				cb70957f-1f1d-4126-a1a0-188cd8d78681	48ee7757-7b18-42fc-95b4-7a4208acebde	fa4249e8-7a76-4ded-a84a-bf4d2555b253	e4ad093c-3c23-491c-8b32-0fbc2ebece70	f
4a04cb96-5736-4e86-889d-435618316cd0	4			f	f	2026-04-05 08:07:00+00				cb70957f-1f1d-4126-a1a0-188cd8d78681	6da33048-bc93-4e58-8dda-f85bbaba7bfc	fa4249e8-7a76-4ded-a84a-bf4d2555b253	e4ad093c-3c23-491c-8b32-0fbc2ebece70	f
ddfc7988-d79c-4920-a297-d1a3f240cade	4			f	f	2026-04-05 07:37:00+00				4049a106-e6e2-43ba-b6da-e209b4fb2d5c	e4e47e42-3207-414c-9851-71bba8d3f33b	803e5b86-62f4-491e-b7a3-94289ac90107	1b85962a-e213-4f40-a0f7-75d80dbab5d2	f
2bfd6f93-91ee-43d2-81d3-9f5f00d17036	4	Perfect as always.		f	f	2026-04-05 18:01:00+00				27a481f2-09aa-4c66-aea2-22ab5672c74e	e4e47e42-3207-414c-9851-71bba8d3f33b	17eb0086-1d24-4301-9b97-f2a25a5c77d8	1b85962a-e213-4f40-a0f7-75d80dbab5d2	f
04657932-766d-42ff-8e3a-f1eba36e30ed	3	A bit slow today but the coffee was excellent.		f	f	2026-04-05 10:03:00+00				4049a106-e6e2-43ba-b6da-e209b4fb2d5c	e4e47e42-3207-414c-9851-71bba8d3f33b	4b74185c-db47-4a05-ba76-b7c0282108c9	1b85962a-e213-4f40-a0f7-75d80dbab5d2	f
109d1173-5c54-4a2b-8ed9-b579e577f447	2			f	f	2026-04-05 16:04:00+00				4049a106-e6e2-43ba-b6da-e209b4fb2d5c	48ee7757-7b18-42fc-95b4-7a4208acebde	aded4767-7856-4d0e-899e-38665eb28d9a	e4ad093c-3c23-491c-8b32-0fbc2ebece70	f
fb16605d-97d4-4647-b2ca-1831524b202e	4			f	f	2026-04-05 16:04:00+00				4049a106-e6e2-43ba-b6da-e209b4fb2d5c	6da33048-bc93-4e58-8dda-f85bbaba7bfc	aded4767-7856-4d0e-899e-38665eb28d9a	e4ad093c-3c23-491c-8b32-0fbc2ebece70	f
0a9284aa-fcf7-4547-bfab-70b959f61f43	4	Waited too long, expected better.		f	f	2026-04-05 08:14:00+00				27a481f2-09aa-4c66-aea2-22ab5672c74e	e4e47e42-3207-414c-9851-71bba8d3f33b	4b2f6bab-7e6c-4b90-aeed-59af2764b489	1b85962a-e213-4f40-a0f7-75d80dbab5d2	f
680b0ee7-e7cf-40be-b44f-6b20fda115c8	5			f	f	2026-04-05 08:28:00+00				27a481f2-09aa-4c66-aea2-22ab5672c74e	48ee7757-7b18-42fc-95b4-7a4208acebde	4b02a781-ea62-47ed-9b06-e138211797ae	e4ad093c-3c23-491c-8b32-0fbc2ebece70	f
03ebe785-448a-43a4-ad3d-b6f0f5c77cc6	2			f	f	2026-04-05 08:28:00+00				27a481f2-09aa-4c66-aea2-22ab5672c74e	6da33048-bc93-4e58-8dda-f85bbaba7bfc	4b02a781-ea62-47ed-9b06-e138211797ae	e4ad093c-3c23-491c-8b32-0fbc2ebece70	f
f4e65afa-6217-4039-ad60-2733675067c2	5	A bit slow today but the coffee was excellent.		f	f	2026-04-05 08:16:00+00				cb70957f-1f1d-4126-a1a0-188cd8d78681	48ee7757-7b18-42fc-95b4-7a4208acebde	7a1cd59a-b26a-489b-8f87-89f24633f28c	e4ad093c-3c23-491c-8b32-0fbc2ebece70	f
8becff6f-af34-49e6-ba8e-39df87de2ca8	5			f	f	2026-04-05 08:16:00+00				cb70957f-1f1d-4126-a1a0-188cd8d78681	6da33048-bc93-4e58-8dda-f85bbaba7bfc	7a1cd59a-b26a-489b-8f87-89f24633f28c	e4ad093c-3c23-491c-8b32-0fbc2ebece70	f
a73f0923-312e-40fa-994d-5769ece978a5	5	The seating area was a bit messy.		f	f	2026-04-05 20:17:00+00				4049a106-e6e2-43ba-b6da-e209b4fb2d5c	e4e47e42-3207-414c-9851-71bba8d3f33b	86e70ef4-afc4-404e-888a-b5b5a4d3dd4c	1b85962a-e213-4f40-a0f7-75d80dbab5d2	f
a9171305-14fc-41f9-bce2-6b2a5cb789ef	5	Perfect as always.		f	f	2026-04-05 19:53:00+00				27a481f2-09aa-4c66-aea2-22ab5672c74e	e4e47e42-3207-414c-9851-71bba8d3f33b	3083bca1-25a4-410a-ad40-f5c7668d11cc	1b85962a-e213-4f40-a0f7-75d80dbab5d2	f
8beee8f1-eba7-4523-9276-28a47f4dd2c4	4			f	f	2026-04-06 13:17:00+00				4223895b-aa07-42c3-a090-a9deb20d497d	48ee7757-7b18-42fc-95b4-7a4208acebde	167e0146-f00d-4ea8-b511-6d94d3c77566	e4ad093c-3c23-491c-8b32-0fbc2ebece70	f
eafbdfde-bb1c-4a44-bef7-361d7250396a	5			f	f	2026-04-06 13:17:00+00				4223895b-aa07-42c3-a090-a9deb20d497d	6da33048-bc93-4e58-8dda-f85bbaba7bfc	167e0146-f00d-4ea8-b511-6d94d3c77566	e4ad093c-3c23-491c-8b32-0fbc2ebece70	f
606c9497-98d6-413c-b2e1-87b5ced9321c	3	A bit slow today but the coffee was excellent.		f	f	2026-04-06 16:20:00+00				4049a106-e6e2-43ba-b6da-e209b4fb2d5c	48ee7757-7b18-42fc-95b4-7a4208acebde	3820ba54-108b-4890-9d6e-225c3a530fc0	e4ad093c-3c23-491c-8b32-0fbc2ebece70	f
fcd93c66-75cf-43a3-8d52-86d24d5b0f71	3			f	f	2026-04-06 16:20:00+00				4049a106-e6e2-43ba-b6da-e209b4fb2d5c	6da33048-bc93-4e58-8dda-f85bbaba7bfc	3820ba54-108b-4890-9d6e-225c3a530fc0	e4ad093c-3c23-491c-8b32-0fbc2ebece70	f
424930bd-774e-4a08-919c-30a51eee54eb	4	Perfect as always.		f	f	2026-04-06 19:26:00+00				4049a106-e6e2-43ba-b6da-e209b4fb2d5c	48ee7757-7b18-42fc-95b4-7a4208acebde	9bca7815-6567-4bae-94e9-766147251716	e4ad093c-3c23-491c-8b32-0fbc2ebece70	f
f79122fc-3e7f-4f43-a4fb-941854dc388c	1			f	f	2026-04-06 19:26:00+00				4049a106-e6e2-43ba-b6da-e209b4fb2d5c	6da33048-bc93-4e58-8dda-f85bbaba7bfc	9bca7815-6567-4bae-94e9-766147251716	e4ad093c-3c23-491c-8b32-0fbc2ebece70	f
28245109-a54f-4e38-a38e-9923fedfd1db	3	The seating area was a bit messy.		f	f	2026-04-06 15:05:00+00				27a481f2-09aa-4c66-aea2-22ab5672c74e	48ee7757-7b18-42fc-95b4-7a4208acebde	659b64b8-f2a0-4bf1-a1d9-e78d3f683a5b	e4ad093c-3c23-491c-8b32-0fbc2ebece70	f
5a1e8a20-1d29-4fea-a63c-914ff6ed9493	2			f	f	2026-04-06 15:05:00+00				27a481f2-09aa-4c66-aea2-22ab5672c74e	6da33048-bc93-4e58-8dda-f85bbaba7bfc	659b64b8-f2a0-4bf1-a1d9-e78d3f683a5b	e4ad093c-3c23-491c-8b32-0fbc2ebece70	f
9b110609-cca4-43ba-a189-2245565487b7	2			f	f	2026-04-06 13:37:00+00				4049a106-e6e2-43ba-b6da-e209b4fb2d5c	e4e47e42-3207-414c-9851-71bba8d3f33b	90e01372-7232-426b-968a-e53da8c2a57c	1b85962a-e213-4f40-a0f7-75d80dbab5d2	f
04e941a9-4c46-4df3-bc2e-a9a6d0004cec	4			f	f	2026-04-06 11:08:00+00				4223895b-aa07-42c3-a090-a9deb20d497d	48ee7757-7b18-42fc-95b4-7a4208acebde	d1aed500-0363-4823-bcc7-5c2678447fcc	e4ad093c-3c23-491c-8b32-0fbc2ebece70	f
3c08c708-797e-472a-a0d9-cd692ddb7d7f	4			f	f	2026-04-06 11:08:00+00				4223895b-aa07-42c3-a090-a9deb20d497d	6da33048-bc93-4e58-8dda-f85bbaba7bfc	d1aed500-0363-4823-bcc7-5c2678447fcc	e4ad093c-3c23-491c-8b32-0fbc2ebece70	f
68970608-8f3a-4ce5-9dd1-a89947642b7c	4	A bit slow today but the coffee was excellent.		f	f	2026-04-06 15:42:00+00				27a481f2-09aa-4c66-aea2-22ab5672c74e	48ee7757-7b18-42fc-95b4-7a4208acebde	aaffd3ae-a93a-449d-9498-85281ccbcc17	e4ad093c-3c23-491c-8b32-0fbc2ebece70	f
bccdf003-6215-48f2-bdb3-44566eb7d28d	3	Really great service, will be back!		f	f	2026-04-06 19:40:00+00				4049a106-e6e2-43ba-b6da-e209b4fb2d5c	e4e47e42-3207-414c-9851-71bba8d3f33b	9ed54cb0-88e8-4e10-a8dd-77ca6bede35b	1b85962a-e213-4f40-a0f7-75d80dbab5d2	f
598834fb-8a4a-4654-a684-3bd78dab5f03	4			t	f	2026-04-21 22:44:18.876719+00				fe638d10-8bd8-4e25-9304-9649e9bd3c89	d3f54542-7bab-4f29-b6d0-a1564613fffa	4b4f52bb-b33e-4a30-9832-57947150df86	d4aab498-ace9-4d7e-84c2-f728734bc203	f
3cd6c273-a91f-4deb-adad-7c1ff8b48167	4	The music was too loud.		f	f	2026-04-06 10:40:00+00				27a481f2-09aa-4c66-aea2-22ab5672c74e	e4e47e42-3207-414c-9851-71bba8d3f33b	74417f74-d89a-48d9-8e3b-97627ee78ff7	1b85962a-e213-4f40-a0f7-75d80dbab5d2	f
3415b679-7a39-4016-be23-fa5ce66b313f	4	A bit slow today but the coffee was excellent.		f	f	2026-04-06 10:43:00+00				cb70957f-1f1d-4126-a1a0-188cd8d78681	48ee7757-7b18-42fc-95b4-7a4208acebde	fba940f3-6b3d-4758-9a6e-d73918c1d0f9	e4ad093c-3c23-491c-8b32-0fbc2ebece70	f
1c0da079-0513-429f-998f-eca60a1d2a26	4			f	f	2026-04-06 10:43:00+00				cb70957f-1f1d-4126-a1a0-188cd8d78681	6da33048-bc93-4e58-8dda-f85bbaba7bfc	fba940f3-6b3d-4758-9a6e-d73918c1d0f9	e4ad093c-3c23-491c-8b32-0fbc2ebece70	f
02aed5b6-0a66-4798-b513-a51d6a09cde5	4			f	f	2026-04-06 09:27:00+00				4223895b-aa07-42c3-a090-a9deb20d497d	48ee7757-7b18-42fc-95b4-7a4208acebde	ea4e695a-ac3d-4636-8a7b-16ceab841784	e4ad093c-3c23-491c-8b32-0fbc2ebece70	f
bc81203f-9d32-4855-a751-833c153651c4	4			f	f	2026-04-06 09:27:00+00				4223895b-aa07-42c3-a090-a9deb20d497d	6da33048-bc93-4e58-8dda-f85bbaba7bfc	ea4e695a-ac3d-4636-8a7b-16ceab841784	e4ad093c-3c23-491c-8b32-0fbc2ebece70	f
14d0e6dc-a387-44b2-aee4-319d2e2bfb09	4			f	f	2026-04-06 21:50:00+00				27a481f2-09aa-4c66-aea2-22ab5672c74e	e4e47e42-3207-414c-9851-71bba8d3f33b	62f83584-6bf9-4212-913d-4749abfd8c6c	1b85962a-e213-4f40-a0f7-75d80dbab5d2	f
60c45d61-6653-4a72-9a05-42af9a14d7cd	4	My order wasn't quite right but they fixed it quickly.		f	f	2026-04-06 15:28:00+00				4223895b-aa07-42c3-a090-a9deb20d497d	e4e47e42-3207-414c-9851-71bba8d3f33b	9273c8e0-2255-444f-b908-473a05111e38	1b85962a-e213-4f40-a0f7-75d80dbab5d2	f
9082a89e-df3e-407c-bea4-3c52cd580211	1			f	f	2026-04-06 12:54:00+00				27a481f2-09aa-4c66-aea2-22ab5672c74e	e4e47e42-3207-414c-9851-71bba8d3f33b	a5864f67-c402-452f-9021-c3d2515aafc2	1b85962a-e213-4f40-a0f7-75d80dbab5d2	f
8bfe7e79-8b17-4724-a84a-ec3d2b3a7e40	4			f	f	2026-04-06 14:38:00+00				27a481f2-09aa-4c66-aea2-22ab5672c74e	e4e47e42-3207-414c-9851-71bba8d3f33b	a8389941-aaa9-4706-b294-47d09f64f73e	1b85962a-e213-4f40-a0f7-75d80dbab5d2	f
b96e0933-4484-4902-9b6a-b73adf7f46a3	1	A bit slow today but the coffee was excellent.		f	f	2026-04-07 09:11:00+00				27a481f2-09aa-4c66-aea2-22ab5672c74e	e4e47e42-3207-414c-9851-71bba8d3f33b	5e8613dd-7698-4abd-b04c-a7aa7f219088	1b85962a-e213-4f40-a0f7-75d80dbab5d2	f
3c0c502b-fc2c-47cc-9a63-5021c0023434	3	Waited too long, expected better.		f	f	2026-04-07 07:01:00+00				27a481f2-09aa-4c66-aea2-22ab5672c74e	48ee7757-7b18-42fc-95b4-7a4208acebde	27d4497b-1790-4a3a-86e1-b189ec5c63e7	e4ad093c-3c23-491c-8b32-0fbc2ebece70	f
02dd3fb6-2ff7-49d1-b21d-57b0f42121ff	3			f	f	2026-04-07 07:01:00+00				27a481f2-09aa-4c66-aea2-22ab5672c74e	6da33048-bc93-4e58-8dda-f85bbaba7bfc	27d4497b-1790-4a3a-86e1-b189ec5c63e7	e4ad093c-3c23-491c-8b32-0fbc2ebece70	f
851ae633-8e50-42a8-a492-6ee7e2c25d00	3	Waited too long, expected better.		f	f	2026-04-07 10:15:00+00				4223895b-aa07-42c3-a090-a9deb20d497d	48ee7757-7b18-42fc-95b4-7a4208acebde	333545be-7285-487a-87d9-0f29eab6efc9	e4ad093c-3c23-491c-8b32-0fbc2ebece70	f
b93dedc9-430f-4ac4-899c-12f188b70096	5			f	f	2026-04-07 10:15:00+00				4223895b-aa07-42c3-a090-a9deb20d497d	6da33048-bc93-4e58-8dda-f85bbaba7bfc	333545be-7285-487a-87d9-0f29eab6efc9	e4ad093c-3c23-491c-8b32-0fbc2ebece70	f
e99729e4-5858-42a6-996e-f8fba31d461a	4	The music was too loud.		f	f	2026-04-07 15:42:00+00				4223895b-aa07-42c3-a090-a9deb20d497d	48ee7757-7b18-42fc-95b4-7a4208acebde	12ef8256-4f0c-470f-9080-c169fabfb364	e4ad093c-3c23-491c-8b32-0fbc2ebece70	f
6a6eba6d-2306-44a1-ac24-0177694ba810	5			f	f	2026-04-07 15:42:00+00				4223895b-aa07-42c3-a090-a9deb20d497d	6da33048-bc93-4e58-8dda-f85bbaba7bfc	12ef8256-4f0c-470f-9080-c169fabfb364	e4ad093c-3c23-491c-8b32-0fbc2ebece70	f
7acf366d-a518-47eb-a5c5-17f71f135ea1	2	The seating area was a bit messy.		f	f	2026-04-07 07:21:00+00				27a481f2-09aa-4c66-aea2-22ab5672c74e	48ee7757-7b18-42fc-95b4-7a4208acebde	6e7b8b02-c54f-4978-8154-8fd4b7027d8c	e4ad093c-3c23-491c-8b32-0fbc2ebece70	f
f1b32dcb-5005-4181-86c8-0a5bfd977df7	4			f	f	2026-04-07 07:21:00+00				27a481f2-09aa-4c66-aea2-22ab5672c74e	6da33048-bc93-4e58-8dda-f85bbaba7bfc	6e7b8b02-c54f-4978-8154-8fd4b7027d8c	e4ad093c-3c23-491c-8b32-0fbc2ebece70	f
ad482660-3a45-44b5-8629-edf5830c6dcf	2	The seating area was a bit messy.		f	f	2026-04-07 15:11:00+00				4049a106-e6e2-43ba-b6da-e209b4fb2d5c	e4e47e42-3207-414c-9851-71bba8d3f33b	3acd26a5-0042-4309-b0c7-568ffd2ac50a	1b85962a-e213-4f40-a0f7-75d80dbab5d2	f
ec9e90c0-1527-48da-a445-45d5b8696821	5	Best espresso in town.		f	f	2026-04-07 11:31:00+00				cb70957f-1f1d-4126-a1a0-188cd8d78681	48ee7757-7b18-42fc-95b4-7a4208acebde	b32b0bd2-7a68-4d20-b1d0-366e2efa8032	e4ad093c-3c23-491c-8b32-0fbc2ebece70	f
e8e1425c-98da-4762-8340-5f5201c4b2da	4			f	f	2026-04-07 11:31:00+00				cb70957f-1f1d-4126-a1a0-188cd8d78681	6da33048-bc93-4e58-8dda-f85bbaba7bfc	b32b0bd2-7a68-4d20-b1d0-366e2efa8032	e4ad093c-3c23-491c-8b32-0fbc2ebece70	f
765ff5fd-ba57-49af-bce5-8918b3476f07	5			f	f	2026-04-07 16:55:00+00				27a481f2-09aa-4c66-aea2-22ab5672c74e	e4e47e42-3207-414c-9851-71bba8d3f33b	c5c7f21c-9b34-40e7-8c45-f6425bfe987c	1b85962a-e213-4f40-a0f7-75d80dbab5d2	f
3590bda7-dbb8-489b-85e9-97548837ae63	4			f	f	2026-04-08 08:21:00+00				4223895b-aa07-42c3-a090-a9deb20d497d	48ee7757-7b18-42fc-95b4-7a4208acebde	bfa0d0c8-9114-42cd-ae4e-a32885f6c9f2	e4ad093c-3c23-491c-8b32-0fbc2ebece70	f
9c5278a7-c768-43b6-875b-9c0e7b478505	4			f	f	2026-04-08 08:21:00+00				4223895b-aa07-42c3-a090-a9deb20d497d	6da33048-bc93-4e58-8dda-f85bbaba7bfc	bfa0d0c8-9114-42cd-ae4e-a32885f6c9f2	e4ad093c-3c23-491c-8b32-0fbc2ebece70	f
19ec5f0e-e9a6-475f-977c-5ae5e01ea383	5	The music was too loud.		f	f	2026-04-08 11:04:00+00				4223895b-aa07-42c3-a090-a9deb20d497d	48ee7757-7b18-42fc-95b4-7a4208acebde	0632d3a5-e516-4d8c-8aa5-6a4f1627df82	e4ad093c-3c23-491c-8b32-0fbc2ebece70	f
afa2b164-c990-42c0-b94a-d34d60bdf560	4			f	f	2026-04-08 11:04:00+00				4223895b-aa07-42c3-a090-a9deb20d497d	6da33048-bc93-4e58-8dda-f85bbaba7bfc	0632d3a5-e516-4d8c-8aa5-6a4f1627df82	e4ad093c-3c23-491c-8b32-0fbc2ebece70	f
0301c8a1-2282-4fe6-bf08-dc80a23a517f	5	Waited too long, expected better.		f	f	2026-04-08 12:26:00+00				cb70957f-1f1d-4126-a1a0-188cd8d78681	48ee7757-7b18-42fc-95b4-7a4208acebde	f7546f4c-5b7d-4cfe-92ba-a7f1123aa4ad	e4ad093c-3c23-491c-8b32-0fbc2ebece70	f
0a9ab53d-0aef-4e16-be31-bc7a6a3d89b1	5			f	f	2026-04-08 12:26:00+00				cb70957f-1f1d-4126-a1a0-188cd8d78681	6da33048-bc93-4e58-8dda-f85bbaba7bfc	f7546f4c-5b7d-4cfe-92ba-a7f1123aa4ad	e4ad093c-3c23-491c-8b32-0fbc2ebece70	f
22857d4b-a567-4fba-826d-a4eeef575692	3	My order wasn't quite right but they fixed it quickly.		f	f	2026-04-08 21:37:00+00				4049a106-e6e2-43ba-b6da-e209b4fb2d5c	48ee7757-7b18-42fc-95b4-7a4208acebde	88f80f7f-3df5-47b1-a465-a683b2240da2	e4ad093c-3c23-491c-8b32-0fbc2ebece70	f
1c69fe5d-8355-4864-8525-fb0b29ae80c7	3			f	f	2026-04-08 21:37:00+00				4049a106-e6e2-43ba-b6da-e209b4fb2d5c	6da33048-bc93-4e58-8dda-f85bbaba7bfc	88f80f7f-3df5-47b1-a465-a683b2240da2	e4ad093c-3c23-491c-8b32-0fbc2ebece70	f
8cfaf643-6412-42b2-a77d-a68263b81a10	3	Loved the atmosphere.		f	f	2026-04-08 18:57:00+00				cb70957f-1f1d-4126-a1a0-188cd8d78681	48ee7757-7b18-42fc-95b4-7a4208acebde	e6701342-b89b-41da-9194-5b8a99b107fa	e4ad093c-3c23-491c-8b32-0fbc2ebece70	f
83217d63-cb14-4b1c-a084-9fdb483e9309	5			f	f	2026-04-08 18:57:00+00				cb70957f-1f1d-4126-a1a0-188cd8d78681	6da33048-bc93-4e58-8dda-f85bbaba7bfc	e6701342-b89b-41da-9194-5b8a99b107fa	e4ad093c-3c23-491c-8b32-0fbc2ebece70	f
7a1c2f02-f943-4084-890b-47947d373cc4	4	The seating area was a bit messy.		f	f	2026-04-08 15:16:00+00				cb70957f-1f1d-4126-a1a0-188cd8d78681	48ee7757-7b18-42fc-95b4-7a4208acebde	b8d9db91-a4a4-4f8b-9513-e92f03043ecb	e4ad093c-3c23-491c-8b32-0fbc2ebece70	f
5b9fbd90-cf6a-4b67-967d-c373cbd8981f	4			f	f	2026-04-08 15:16:00+00				cb70957f-1f1d-4126-a1a0-188cd8d78681	6da33048-bc93-4e58-8dda-f85bbaba7bfc	b8d9db91-a4a4-4f8b-9513-e92f03043ecb	e4ad093c-3c23-491c-8b32-0fbc2ebece70	f
30a6f9d0-eeac-4d9c-8974-400f87864953	4	Friendly staff, made my morning.		f	f	2026-04-08 19:20:00+00				27a481f2-09aa-4c66-aea2-22ab5672c74e	e4e47e42-3207-414c-9851-71bba8d3f33b	fe2f8e9f-3dec-4d30-b1f3-c036f40184fc	1b85962a-e213-4f40-a0f7-75d80dbab5d2	f
f3dfc9fd-8115-4b06-bdf8-80fd7bd3b989	5			f	f	2026-04-08 09:34:00+00				cb70957f-1f1d-4126-a1a0-188cd8d78681	48ee7757-7b18-42fc-95b4-7a4208acebde	1eab98ff-a306-4042-a8a5-8718430da7bf	e4ad093c-3c23-491c-8b32-0fbc2ebece70	f
1109f55d-e00d-4394-8697-a0067d46796e	5			f	f	2026-04-08 09:34:00+00				cb70957f-1f1d-4126-a1a0-188cd8d78681	6da33048-bc93-4e58-8dda-f85bbaba7bfc	1eab98ff-a306-4042-a8a5-8718430da7bf	e4ad093c-3c23-491c-8b32-0fbc2ebece70	f
d8a4abad-7046-42b4-82ed-64e6168a439b	5	Best espresso in town.		f	f	2026-04-08 13:28:00+00				cb70957f-1f1d-4126-a1a0-188cd8d78681	e4e47e42-3207-414c-9851-71bba8d3f33b	90605b9e-427a-4520-b3f5-7012eb1f0748	1b85962a-e213-4f40-a0f7-75d80dbab5d2	f
d782bca3-ef90-45fb-bbd2-ea77e1c5c94f	1	The seating area was a bit messy.		f	f	2026-04-08 18:16:00+00				4049a106-e6e2-43ba-b6da-e209b4fb2d5c	e4e47e42-3207-414c-9851-71bba8d3f33b	8079c280-56bb-4d4b-86be-0d2ad02a01e6	1b85962a-e213-4f40-a0f7-75d80dbab5d2	f
f1d967ca-0159-415d-a533-47f3749d4024	5	The seating area was a bit messy.		f	f	2026-04-08 20:28:00+00				4223895b-aa07-42c3-a090-a9deb20d497d	e4e47e42-3207-414c-9851-71bba8d3f33b	b48fe54d-56b4-4c28-b620-f2d93ce8f065	1b85962a-e213-4f40-a0f7-75d80dbab5d2	f
982724d9-87e3-42d4-a723-7db35958e50f	4	Best espresso in town.		f	f	2026-04-08 14:20:00+00				cb70957f-1f1d-4126-a1a0-188cd8d78681	e4e47e42-3207-414c-9851-71bba8d3f33b	fb02b4b4-d07a-45b8-91d1-761a4f927ba7	1b85962a-e213-4f40-a0f7-75d80dbab5d2	f
d325a2ca-904b-4fd3-baf1-56aeb045ae3c	3	My order wasn't quite right but they fixed it quickly.		f	f	2026-04-08 18:01:00+00				cb70957f-1f1d-4126-a1a0-188cd8d78681	e4e47e42-3207-414c-9851-71bba8d3f33b	b535e113-e84b-4015-bbac-82bfb6d26cff	1b85962a-e213-4f40-a0f7-75d80dbab5d2	f
93860aaf-57b0-4bd8-8c2e-31a0d3d45e0b	2			f	f	2026-04-08 17:56:00+00				4049a106-e6e2-43ba-b6da-e209b4fb2d5c	e4e47e42-3207-414c-9851-71bba8d3f33b	61019e23-536b-4793-893a-914617d970ab	1b85962a-e213-4f40-a0f7-75d80dbab5d2	f
805152e4-0ae1-4a64-b146-b55e7c2f25bb	3	Best espresso in town.		f	f	2026-04-08 11:35:00+00				4049a106-e6e2-43ba-b6da-e209b4fb2d5c	e4e47e42-3207-414c-9851-71bba8d3f33b	6aba5d28-d546-4403-90fe-cf149d702199	1b85962a-e213-4f40-a0f7-75d80dbab5d2	f
403c3a55-a991-4621-9324-b59da6351cee	4	Loved the atmosphere.		f	f	2026-04-08 21:04:00+00				4223895b-aa07-42c3-a090-a9deb20d497d	48ee7757-7b18-42fc-95b4-7a4208acebde	72ddf8d1-c81d-4f02-9692-0fffe64248ad	e4ad093c-3c23-491c-8b32-0fbc2ebece70	f
9560db1a-1637-4dcb-aa29-ad6d8b7b661d	5			f	f	2026-04-08 21:04:00+00				4223895b-aa07-42c3-a090-a9deb20d497d	6da33048-bc93-4e58-8dda-f85bbaba7bfc	72ddf8d1-c81d-4f02-9692-0fffe64248ad	e4ad093c-3c23-491c-8b32-0fbc2ebece70	f
d4f3993b-4f58-40f9-af23-6e7cf8902467	4			f	f	2026-04-08 18:02:00+00				4223895b-aa07-42c3-a090-a9deb20d497d	e4e47e42-3207-414c-9851-71bba8d3f33b	60e1a621-c19e-4c1f-8ea7-925878bafc28	1b85962a-e213-4f40-a0f7-75d80dbab5d2	f
91e9dba7-cd5d-4de0-9e2e-167d74c802a1	4			f	f	2026-04-08 07:15:00+00				27a481f2-09aa-4c66-aea2-22ab5672c74e	48ee7757-7b18-42fc-95b4-7a4208acebde	af07c67f-1f67-41df-8abf-073935bbdacd	e4ad093c-3c23-491c-8b32-0fbc2ebece70	f
2aa93268-e0b9-4fd3-9eb5-110706dcc90f	5			f	f	2026-04-08 07:15:00+00				27a481f2-09aa-4c66-aea2-22ab5672c74e	6da33048-bc93-4e58-8dda-f85bbaba7bfc	af07c67f-1f67-41df-8abf-073935bbdacd	e4ad093c-3c23-491c-8b32-0fbc2ebece70	f
756b3825-9a9d-44ab-a562-524847c9f090	3	The seating area was a bit messy.		f	f	2026-04-08 19:39:00+00				27a481f2-09aa-4c66-aea2-22ab5672c74e	48ee7757-7b18-42fc-95b4-7a4208acebde	3ca2cec9-9f53-45c2-bf95-0e92f6671345	e4ad093c-3c23-491c-8b32-0fbc2ebece70	f
e31d6a24-03c1-4ad2-8408-3553adf2df09	1			f	f	2026-04-08 19:39:00+00				27a481f2-09aa-4c66-aea2-22ab5672c74e	6da33048-bc93-4e58-8dda-f85bbaba7bfc	3ca2cec9-9f53-45c2-bf95-0e92f6671345	e4ad093c-3c23-491c-8b32-0fbc2ebece70	f
beca0f48-f35f-40c3-a3fc-161df77116ed	2			f	f	2026-04-08 18:44:00+00				27a481f2-09aa-4c66-aea2-22ab5672c74e	e4e47e42-3207-414c-9851-71bba8d3f33b	05e1c1d5-3568-415e-8272-8e72288c3888	1b85962a-e213-4f40-a0f7-75d80dbab5d2	f
73543df9-f400-499c-a88e-b6cc6ab415d4	3			t	f	2026-04-22 00:03:48.835683+00				fe638d10-8bd8-4e25-9304-9649e9bd3c89	d3f54542-7bab-4f29-b6d0-a1564613fffa	43ac03e8-4014-475f-8d29-3a4bee23e9d9	d4aab498-ace9-4d7e-84c2-f728734bc203	f
d5eb1385-df5e-40b9-a501-d8ae6bae7356	3			f	f	2026-04-08 16:49:00+00				4049a106-e6e2-43ba-b6da-e209b4fb2d5c	48ee7757-7b18-42fc-95b4-7a4208acebde	34dae488-27b7-40ec-9edd-d072b2c0200e	e4ad093c-3c23-491c-8b32-0fbc2ebece70	f
c7c91e89-d4bd-46d6-8bae-a7b275a83556	5			t	f	2026-04-22 00:07:36.823984+00				fe638d10-8bd8-4e25-9304-9649e9bd3c89	d3f54542-7bab-4f29-b6d0-a1564613fffa	36ec4c3e-8d69-446b-9387-e54591800ba2	d4aab498-ace9-4d7e-84c2-f728734bc203	f
9df4e5b8-cc83-475f-921f-b00c54c0dc82	3			f	f	2026-04-08 16:49:00+00				4049a106-e6e2-43ba-b6da-e209b4fb2d5c	6da33048-bc93-4e58-8dda-f85bbaba7bfc	34dae488-27b7-40ec-9edd-d072b2c0200e	e4ad093c-3c23-491c-8b32-0fbc2ebece70	f
e67c996a-431f-452b-b74a-8c31b40951e2	4	The music was too loud.		f	f	2026-04-08 11:34:00+00				4223895b-aa07-42c3-a090-a9deb20d497d	48ee7757-7b18-42fc-95b4-7a4208acebde	62b20c48-fe98-46da-a341-347734ab22b6	e4ad093c-3c23-491c-8b32-0fbc2ebece70	f
4e36cacd-eeb3-40b8-87c6-b8d8d026e831	4			f	f	2026-04-08 11:34:00+00				4223895b-aa07-42c3-a090-a9deb20d497d	6da33048-bc93-4e58-8dda-f85bbaba7bfc	62b20c48-fe98-46da-a341-347734ab22b6	e4ad093c-3c23-491c-8b32-0fbc2ebece70	f
d31ac67c-584a-4e3a-91e9-51869c7856e6	5			f	f	2026-04-08 12:06:00+00				4223895b-aa07-42c3-a090-a9deb20d497d	48ee7757-7b18-42fc-95b4-7a4208acebde	059132bc-bf60-4022-a29a-726995ce8016	e4ad093c-3c23-491c-8b32-0fbc2ebece70	f
7fafc8ed-e338-494f-94ea-0b337b729962	5			f	f	2026-04-08 12:06:00+00				4223895b-aa07-42c3-a090-a9deb20d497d	6da33048-bc93-4e58-8dda-f85bbaba7bfc	059132bc-bf60-4022-a29a-726995ce8016	e4ad093c-3c23-491c-8b32-0fbc2ebece70	f
a6a058eb-48bb-42c8-96e4-e64780c43e8d	3	Waited too long, expected better.		f	f	2026-04-08 16:28:00+00				27a481f2-09aa-4c66-aea2-22ab5672c74e	e4e47e42-3207-414c-9851-71bba8d3f33b	3b9cfa33-042c-4b93-93eb-6a55366ac23a	1b85962a-e213-4f40-a0f7-75d80dbab5d2	f
536b3363-abc8-4549-944c-0665b17563ee	3	Friendly staff, made my morning.		f	f	2026-04-09 12:26:00+00				4049a106-e6e2-43ba-b6da-e209b4fb2d5c	48ee7757-7b18-42fc-95b4-7a4208acebde	3dbc0670-4b7a-465a-a229-706904e8e2d4	e4ad093c-3c23-491c-8b32-0fbc2ebece70	f
a76d2ca3-becb-427d-b7ca-5a169293fa3e	5			f	f	2026-04-09 12:26:00+00				4049a106-e6e2-43ba-b6da-e209b4fb2d5c	6da33048-bc93-4e58-8dda-f85bbaba7bfc	3dbc0670-4b7a-465a-a229-706904e8e2d4	e4ad093c-3c23-491c-8b32-0fbc2ebece70	f
ecd02bba-ee67-42f8-b11f-86f26adcc8fc	1	Waited too long, expected better.		f	f	2026-04-09 20:07:00+00				4049a106-e6e2-43ba-b6da-e209b4fb2d5c	e4e47e42-3207-414c-9851-71bba8d3f33b	ab16e292-a064-4b6e-ac9b-8f2fa5d86df6	1b85962a-e213-4f40-a0f7-75d80dbab5d2	f
1e8b1fd8-2b75-4514-91ca-037b96f80d58	4	The music was too loud.		f	f	2026-04-09 17:36:00+00				27a481f2-09aa-4c66-aea2-22ab5672c74e	e4e47e42-3207-414c-9851-71bba8d3f33b	6f5acf29-b936-4fb9-9f45-c1ee1048e0bd	1b85962a-e213-4f40-a0f7-75d80dbab5d2	f
d3b4662f-f050-48a8-8bca-3f778d505080	5	Waited too long, expected better.		f	f	2026-04-09 10:49:00+00				27a481f2-09aa-4c66-aea2-22ab5672c74e	48ee7757-7b18-42fc-95b4-7a4208acebde	dca6f1ee-827b-40ae-810a-ac71b4cff99b	e4ad093c-3c23-491c-8b32-0fbc2ebece70	f
f28baba6-2b64-4b7c-a07a-2f606335c93d	2			f	f	2026-04-09 10:49:00+00				27a481f2-09aa-4c66-aea2-22ab5672c74e	6da33048-bc93-4e58-8dda-f85bbaba7bfc	dca6f1ee-827b-40ae-810a-ac71b4cff99b	e4ad093c-3c23-491c-8b32-0fbc2ebece70	f
aa266722-38d4-4d76-b904-3ca2f7b44dec	5	A bit slow today but the coffee was excellent.		f	f	2026-04-09 17:53:00+00				4223895b-aa07-42c3-a090-a9deb20d497d	48ee7757-7b18-42fc-95b4-7a4208acebde	ddece7d4-5c8c-4c40-97c1-9e7216419cb0	e4ad093c-3c23-491c-8b32-0fbc2ebece70	f
b42831ef-6a44-4d73-a86a-2007acc1f5b3	5			f	f	2026-04-09 17:53:00+00				4223895b-aa07-42c3-a090-a9deb20d497d	6da33048-bc93-4e58-8dda-f85bbaba7bfc	ddece7d4-5c8c-4c40-97c1-9e7216419cb0	e4ad093c-3c23-491c-8b32-0fbc2ebece70	f
ea5fee1e-c188-47fa-918b-cd728f7bd884	2	The music was too loud.		f	f	2026-04-09 21:36:00+00				4049a106-e6e2-43ba-b6da-e209b4fb2d5c	e4e47e42-3207-414c-9851-71bba8d3f33b	17753c10-f95e-4f0c-b03a-a498540fe6f8	1b85962a-e213-4f40-a0f7-75d80dbab5d2	f
602ddbaf-deb8-4c59-8d9e-02f799185f5b	4	Really great service, will be back!		f	f	2026-04-09 18:27:00+00				4223895b-aa07-42c3-a090-a9deb20d497d	e4e47e42-3207-414c-9851-71bba8d3f33b	457713de-1de9-4b04-9cf2-ab35aa757e45	1b85962a-e213-4f40-a0f7-75d80dbab5d2	f
1eee0be5-f576-435b-97d4-539e26773d4f	1	Perfect as always.		f	f	2026-04-09 18:19:00+00				4049a106-e6e2-43ba-b6da-e209b4fb2d5c	e4e47e42-3207-414c-9851-71bba8d3f33b	982bb312-a3b9-4d53-8462-a7a275d38833	1b85962a-e213-4f40-a0f7-75d80dbab5d2	f
d4ad2c2a-a7c4-43b8-9434-a794ef4ea29a	5	The music was too loud.		f	f	2026-04-09 13:06:00+00				27a481f2-09aa-4c66-aea2-22ab5672c74e	e4e47e42-3207-414c-9851-71bba8d3f33b	8750a928-0add-4a7d-a2f0-67c4d5c38d22	1b85962a-e213-4f40-a0f7-75d80dbab5d2	f
cc4f87c2-393c-437a-b70f-457fc94fa492	5			f	f	2026-04-09 08:15:00+00				4049a106-e6e2-43ba-b6da-e209b4fb2d5c	e4e47e42-3207-414c-9851-71bba8d3f33b	e229ae36-d79f-4cbe-8e96-6bc6b7b15635	1b85962a-e213-4f40-a0f7-75d80dbab5d2	f
543beaef-20bd-4e3f-b453-d379eb59a474	4	My order wasn't quite right but they fixed it quickly.		f	f	2026-04-09 17:27:00+00				cb70957f-1f1d-4126-a1a0-188cd8d78681	48ee7757-7b18-42fc-95b4-7a4208acebde	b5f2e6d1-98d8-4b41-876a-a5bc868c14fd	e4ad093c-3c23-491c-8b32-0fbc2ebece70	f
2c319754-8ae0-4d92-9273-52e5b5548a71	4			f	f	2026-04-09 17:27:00+00				cb70957f-1f1d-4126-a1a0-188cd8d78681	6da33048-bc93-4e58-8dda-f85bbaba7bfc	b5f2e6d1-98d8-4b41-876a-a5bc868c14fd	e4ad093c-3c23-491c-8b32-0fbc2ebece70	f
688f112a-a9ed-4c21-ba79-007377125d05	2			f	f	2026-04-09 16:43:00+00				4049a106-e6e2-43ba-b6da-e209b4fb2d5c	e4e47e42-3207-414c-9851-71bba8d3f33b	81e995bf-e299-43fe-ab44-64eb5dd31ad2	1b85962a-e213-4f40-a0f7-75d80dbab5d2	f
4f4d0751-09a4-43a2-a34c-b7895433e5ce	4	Really great service, will be back!		f	f	2026-04-09 14:17:00+00				cb70957f-1f1d-4126-a1a0-188cd8d78681	e4e47e42-3207-414c-9851-71bba8d3f33b	95fc4128-a892-4f58-aeb6-d959486000de	1b85962a-e213-4f40-a0f7-75d80dbab5d2	f
b239e3ee-48da-4c17-b622-71e6f9e1f998	2	A bit slow today but the coffee was excellent.		f	f	2026-04-10 21:12:00+00				27a481f2-09aa-4c66-aea2-22ab5672c74e	e4e47e42-3207-414c-9851-71bba8d3f33b	063cfd3f-a65d-46c3-9e75-3a6a08d2754e	1b85962a-e213-4f40-a0f7-75d80dbab5d2	f
98e310ae-ee48-4a68-906d-7acb1e7e4c89	4	The music was too loud.		f	f	2026-04-10 12:01:00+00				4049a106-e6e2-43ba-b6da-e209b4fb2d5c	e4e47e42-3207-414c-9851-71bba8d3f33b	ad280367-4d5f-477c-b0ca-066858739594	1b85962a-e213-4f40-a0f7-75d80dbab5d2	f
a31313d1-d7e4-431b-96a7-be6fb2562126	2	A bit slow today but the coffee was excellent.		f	f	2026-04-10 17:02:00+00				27a481f2-09aa-4c66-aea2-22ab5672c74e	48ee7757-7b18-42fc-95b4-7a4208acebde	60998ec1-7126-48b2-9d58-f8ecaba83ad7	e4ad093c-3c23-491c-8b32-0fbc2ebece70	f
aded7899-a090-434c-b7a0-c6acfc4ec127	4			f	f	2026-04-10 17:02:00+00				27a481f2-09aa-4c66-aea2-22ab5672c74e	6da33048-bc93-4e58-8dda-f85bbaba7bfc	60998ec1-7126-48b2-9d58-f8ecaba83ad7	e4ad093c-3c23-491c-8b32-0fbc2ebece70	f
f5b7cb43-e2e6-4e23-8055-525290794ef6	5	The seating area was a bit messy.		f	f	2026-04-10 21:37:00+00				4223895b-aa07-42c3-a090-a9deb20d497d	48ee7757-7b18-42fc-95b4-7a4208acebde	7966119f-9d8e-40c7-ba28-8be05147ff69	e4ad093c-3c23-491c-8b32-0fbc2ebece70	f
d60287de-3059-4396-9bab-1ab0fc144ee9	4			f	f	2026-04-10 21:37:00+00				4223895b-aa07-42c3-a090-a9deb20d497d	6da33048-bc93-4e58-8dda-f85bbaba7bfc	7966119f-9d8e-40c7-ba28-8be05147ff69	e4ad093c-3c23-491c-8b32-0fbc2ebece70	f
8e2e66f2-f1e0-43b4-b406-494dee208fec	2	Perfect as always.		f	f	2026-04-10 21:58:00+00				4049a106-e6e2-43ba-b6da-e209b4fb2d5c	48ee7757-7b18-42fc-95b4-7a4208acebde	2cc74bf0-ca75-4037-afbd-19f8ac156a5c	e4ad093c-3c23-491c-8b32-0fbc2ebece70	f
d57e7c51-82b3-46b2-b256-02311f3cb999	4			f	f	2026-04-10 21:58:00+00				4049a106-e6e2-43ba-b6da-e209b4fb2d5c	6da33048-bc93-4e58-8dda-f85bbaba7bfc	2cc74bf0-ca75-4037-afbd-19f8ac156a5c	e4ad093c-3c23-491c-8b32-0fbc2ebece70	f
2adc6e7e-55ba-4e37-a6ba-9fcf57cdddec	2	Really great service, will be back!		f	f	2026-04-10 19:37:00+00				4049a106-e6e2-43ba-b6da-e209b4fb2d5c	48ee7757-7b18-42fc-95b4-7a4208acebde	94444c19-14ae-4e6a-8e7f-171664f42bd3	e4ad093c-3c23-491c-8b32-0fbc2ebece70	f
c96a0e57-d5cc-4868-941a-bbe5cb2aa23d	4			f	f	2026-04-10 19:37:00+00				4049a106-e6e2-43ba-b6da-e209b4fb2d5c	6da33048-bc93-4e58-8dda-f85bbaba7bfc	94444c19-14ae-4e6a-8e7f-171664f42bd3	e4ad093c-3c23-491c-8b32-0fbc2ebece70	f
fe3a9372-d861-4d05-a404-02beb610eeed	2	The seating area was a bit messy.		f	f	2026-04-10 10:05:00+00				4049a106-e6e2-43ba-b6da-e209b4fb2d5c	48ee7757-7b18-42fc-95b4-7a4208acebde	a30a9ea5-0fc6-4996-9280-af3c1671c47c	e4ad093c-3c23-491c-8b32-0fbc2ebece70	f
21146ed4-7a98-4cf2-8334-1f35e7e18316	3			f	f	2026-04-10 10:05:00+00				4049a106-e6e2-43ba-b6da-e209b4fb2d5c	6da33048-bc93-4e58-8dda-f85bbaba7bfc	a30a9ea5-0fc6-4996-9280-af3c1671c47c	e4ad093c-3c23-491c-8b32-0fbc2ebece70	f
f6c4dd11-1e50-4cdc-8ad6-dfa7a670437c	4			f	f	2026-04-10 14:25:00+00				4223895b-aa07-42c3-a090-a9deb20d497d	e4e47e42-3207-414c-9851-71bba8d3f33b	80a527ea-b8e3-4eaf-8e96-a5c8d215204c	1b85962a-e213-4f40-a0f7-75d80dbab5d2	f
339dffc8-b30b-402f-83f7-c89e3b831a0b	5	A bit slow today but the coffee was excellent.		f	f	2026-04-10 08:32:00+00				cb70957f-1f1d-4126-a1a0-188cd8d78681	e4e47e42-3207-414c-9851-71bba8d3f33b	b6f3beff-6839-4111-83f0-935f084cb76a	1b85962a-e213-4f40-a0f7-75d80dbab5d2	f
3bfb8641-8d3e-46e9-8647-95ff2fa06bc7	5	A bit slow today but the coffee was excellent.		f	f	2026-04-10 17:49:00+00				4223895b-aa07-42c3-a090-a9deb20d497d	48ee7757-7b18-42fc-95b4-7a4208acebde	e45598ce-b080-4616-b76d-b08ca5d79142	e4ad093c-3c23-491c-8b32-0fbc2ebece70	f
4ae4370e-bcf3-49aa-93a5-b08a8892894a	4			f	f	2026-04-10 17:49:00+00				4223895b-aa07-42c3-a090-a9deb20d497d	6da33048-bc93-4e58-8dda-f85bbaba7bfc	e45598ce-b080-4616-b76d-b08ca5d79142	e4ad093c-3c23-491c-8b32-0fbc2ebece70	f
eba26327-30f2-4b23-9ae2-4ffb29e12037	4			f	f	2026-04-10 09:47:00+00				27a481f2-09aa-4c66-aea2-22ab5672c74e	48ee7757-7b18-42fc-95b4-7a4208acebde	121a654e-c158-423e-ab3f-4e3f51b23c95	e4ad093c-3c23-491c-8b32-0fbc2ebece70	f
69e10e3b-fa5c-46cb-9a41-e1ace68c3c6d	4			f	f	2026-04-10 09:47:00+00				27a481f2-09aa-4c66-aea2-22ab5672c74e	6da33048-bc93-4e58-8dda-f85bbaba7bfc	121a654e-c158-423e-ab3f-4e3f51b23c95	e4ad093c-3c23-491c-8b32-0fbc2ebece70	f
f73703ab-d8b5-47ab-a686-12f06491145d	4			f	f	2026-04-10 08:19:00+00				4223895b-aa07-42c3-a090-a9deb20d497d	48ee7757-7b18-42fc-95b4-7a4208acebde	1b532f2d-0409-4eed-9da1-7aac77f54bfc	e4ad093c-3c23-491c-8b32-0fbc2ebece70	f
6b860c40-82e2-4c97-8943-cb9b046c7408	5			f	f	2026-04-10 08:19:00+00				4223895b-aa07-42c3-a090-a9deb20d497d	6da33048-bc93-4e58-8dda-f85bbaba7bfc	1b532f2d-0409-4eed-9da1-7aac77f54bfc	e4ad093c-3c23-491c-8b32-0fbc2ebece70	f
bccd681e-4829-4a9b-814d-ab7af2d272e7	3	A bit slow today but the coffee was excellent.		f	f	2026-04-10 17:22:00+00				4049a106-e6e2-43ba-b6da-e209b4fb2d5c	48ee7757-7b18-42fc-95b4-7a4208acebde	87ad0b57-72a4-4a2c-91fa-cdfcdde134a0	e4ad093c-3c23-491c-8b32-0fbc2ebece70	f
2482a05a-0efe-476f-b4a5-ffda2c6be640	2			f	f	2026-04-10 17:22:00+00				4049a106-e6e2-43ba-b6da-e209b4fb2d5c	6da33048-bc93-4e58-8dda-f85bbaba7bfc	87ad0b57-72a4-4a2c-91fa-cdfcdde134a0	e4ad093c-3c23-491c-8b32-0fbc2ebece70	f
cce65c37-0815-48ee-82ce-be131fd599a1	4	Loved the atmosphere.		f	f	2026-04-10 16:38:00+00				4049a106-e6e2-43ba-b6da-e209b4fb2d5c	e4e47e42-3207-414c-9851-71bba8d3f33b	e9a5a1ee-c75a-4acd-b485-ba3d238c668b	1b85962a-e213-4f40-a0f7-75d80dbab5d2	f
622d0cd4-310a-4a87-9b8c-cab997baefea	4	Best espresso in town.		f	f	2026-04-10 16:29:00+00				4223895b-aa07-42c3-a090-a9deb20d497d	e4e47e42-3207-414c-9851-71bba8d3f33b	079a553f-3a1c-4e79-98a9-48abf2988f37	1b85962a-e213-4f40-a0f7-75d80dbab5d2	f
002652a8-7dea-4ab2-84f1-9baac20aa60f	2	The seating area was a bit messy.		f	f	2026-04-10 09:43:00+00				4049a106-e6e2-43ba-b6da-e209b4fb2d5c	e4e47e42-3207-414c-9851-71bba8d3f33b	03df9cd1-dc96-4640-8223-793d6ce098fa	1b85962a-e213-4f40-a0f7-75d80dbab5d2	f
4fd79b9d-e685-40bf-92f4-76b00c965d77	4	Loved the atmosphere.		f	f	2026-04-10 09:56:00+00				4223895b-aa07-42c3-a090-a9deb20d497d	e4e47e42-3207-414c-9851-71bba8d3f33b	4750ab8c-bd68-4b1a-a748-180c501c32cf	1b85962a-e213-4f40-a0f7-75d80dbab5d2	f
311dafc7-0e77-4c29-bc86-789955d0f8af	4			t	f	2026-04-22 00:33:01.590801+00				fe638d10-8bd8-4e25-9304-9649e9bd3c89	d3f54542-7bab-4f29-b6d0-a1564613fffa	dd4fb36f-5346-4308-81e2-9e69351318db	d4aab498-ace9-4d7e-84c2-f728734bc203	f
b22621df-08ed-4ecb-9197-c7fd773c79a2	3	Friendly staff, made my morning.		f	f	2026-04-10 16:48:00+00				27a481f2-09aa-4c66-aea2-22ab5672c74e	e4e47e42-3207-414c-9851-71bba8d3f33b	49b8408d-6688-4f6d-881b-8ac139852a4a	1b85962a-e213-4f40-a0f7-75d80dbab5d2	f
4306788e-8f73-4e2f-a011-5b50a0575656	5	Waited too long, expected better.		f	f	2026-04-10 11:20:00+00				27a481f2-09aa-4c66-aea2-22ab5672c74e	48ee7757-7b18-42fc-95b4-7a4208acebde	69889d42-dd5e-459c-9428-9b85159d4c19	e4ad093c-3c23-491c-8b32-0fbc2ebece70	f
ddc13db7-15fc-4c21-abdc-866c4467da4f	4			f	f	2026-04-10 11:20:00+00				27a481f2-09aa-4c66-aea2-22ab5672c74e	6da33048-bc93-4e58-8dda-f85bbaba7bfc	69889d42-dd5e-459c-9428-9b85159d4c19	e4ad093c-3c23-491c-8b32-0fbc2ebece70	f
9adcac53-f22d-4236-bb49-0a09a1c0620f	4	Perfect as always.		f	f	2026-04-10 13:39:00+00				4223895b-aa07-42c3-a090-a9deb20d497d	48ee7757-7b18-42fc-95b4-7a4208acebde	fdc8fd86-c699-4874-a89b-bda369a83634	e4ad093c-3c23-491c-8b32-0fbc2ebece70	f
7f8c4438-20bf-4390-ae4c-c6819a1a9cac	5			f	f	2026-04-10 13:39:00+00				4223895b-aa07-42c3-a090-a9deb20d497d	6da33048-bc93-4e58-8dda-f85bbaba7bfc	fdc8fd86-c699-4874-a89b-bda369a83634	e4ad093c-3c23-491c-8b32-0fbc2ebece70	f
11408f4e-c2fa-4cf5-aec7-8bdc274fe255	5			f	f	2026-04-10 16:33:00+00				cb70957f-1f1d-4126-a1a0-188cd8d78681	48ee7757-7b18-42fc-95b4-7a4208acebde	e5ea083e-bf2c-42e0-832c-231b583f643e	e4ad093c-3c23-491c-8b32-0fbc2ebece70	f
9fd00b12-e0fb-4e7e-a79d-b07f53817f05	5			f	f	2026-04-10 16:33:00+00				cb70957f-1f1d-4126-a1a0-188cd8d78681	6da33048-bc93-4e58-8dda-f85bbaba7bfc	e5ea083e-bf2c-42e0-832c-231b583f643e	e4ad093c-3c23-491c-8b32-0fbc2ebece70	f
ba720044-0c7f-4894-ae3f-be516b6ad8c9	4	The music was too loud.		f	f	2026-04-10 13:45:00+00				cb70957f-1f1d-4126-a1a0-188cd8d78681	48ee7757-7b18-42fc-95b4-7a4208acebde	69b7c23e-f588-4d22-a8c4-c1fa7f7d450a	e4ad093c-3c23-491c-8b32-0fbc2ebece70	f
5dadabed-c896-47ee-812e-1cb9d28a05db	5			f	f	2026-04-10 13:45:00+00				cb70957f-1f1d-4126-a1a0-188cd8d78681	6da33048-bc93-4e58-8dda-f85bbaba7bfc	69b7c23e-f588-4d22-a8c4-c1fa7f7d450a	e4ad093c-3c23-491c-8b32-0fbc2ebece70	f
5291b474-fdd2-406b-ba76-967bd3516293	5	Really great service, will be back!		f	f	2026-04-11 08:52:00+00				27a481f2-09aa-4c66-aea2-22ab5672c74e	e4e47e42-3207-414c-9851-71bba8d3f33b	a00f2ddf-9349-42fb-bea5-e0798e81387e	1b85962a-e213-4f40-a0f7-75d80dbab5d2	f
2e14c009-752e-4df3-8c04-a9b60bdd6e76	4	The seating area was a bit messy.		f	f	2026-04-11 09:26:00+00				cb70957f-1f1d-4126-a1a0-188cd8d78681	48ee7757-7b18-42fc-95b4-7a4208acebde	eca575a4-ccce-44c1-ae5e-077fab16e9e0	e4ad093c-3c23-491c-8b32-0fbc2ebece70	f
073c0265-ee4f-4689-bcb9-197da37e1959	4			f	f	2026-04-11 09:26:00+00				cb70957f-1f1d-4126-a1a0-188cd8d78681	6da33048-bc93-4e58-8dda-f85bbaba7bfc	eca575a4-ccce-44c1-ae5e-077fab16e9e0	e4ad093c-3c23-491c-8b32-0fbc2ebece70	f
5ae42292-9aa9-404b-878f-d9572e2d9fc0	3	Loved the atmosphere.		f	f	2026-04-11 12:02:00+00				27a481f2-09aa-4c66-aea2-22ab5672c74e	e4e47e42-3207-414c-9851-71bba8d3f33b	1daf8ed7-bc62-46ba-a4ef-b32ec1ed2295	1b85962a-e213-4f40-a0f7-75d80dbab5d2	f
daee8be5-b96a-4fd2-9781-26d6e9bceeee	3			f	f	2026-04-11 10:46:00+00				4049a106-e6e2-43ba-b6da-e209b4fb2d5c	48ee7757-7b18-42fc-95b4-7a4208acebde	6c611fac-343a-474e-9024-15c537487238	e4ad093c-3c23-491c-8b32-0fbc2ebece70	f
7f07aabc-60c7-476c-a8aa-d17cbcbbcacd	5			f	f	2026-04-11 10:46:00+00				4049a106-e6e2-43ba-b6da-e209b4fb2d5c	6da33048-bc93-4e58-8dda-f85bbaba7bfc	6c611fac-343a-474e-9024-15c537487238	e4ad093c-3c23-491c-8b32-0fbc2ebece70	f
dac2711c-b367-410a-80de-812a49dac41d	5			f	f	2026-04-11 13:49:00+00				4223895b-aa07-42c3-a090-a9deb20d497d	e4e47e42-3207-414c-9851-71bba8d3f33b	fd299108-29d5-4d64-8af1-dc8898f7b96c	1b85962a-e213-4f40-a0f7-75d80dbab5d2	f
00e70a2b-9ab4-40b4-9dd6-6176e4ced1ae	5	Perfect as always.		f	f	2026-04-11 17:07:00+00				4049a106-e6e2-43ba-b6da-e209b4fb2d5c	e4e47e42-3207-414c-9851-71bba8d3f33b	2bad64c4-b7a2-4b19-ba04-2ef7553a02df	1b85962a-e213-4f40-a0f7-75d80dbab5d2	f
760e8da8-8f1f-4bcc-aee1-c8433ea1fe06	4	Friendly staff, made my morning.		f	f	2026-04-11 13:22:00+00				cb70957f-1f1d-4126-a1a0-188cd8d78681	48ee7757-7b18-42fc-95b4-7a4208acebde	b67dd803-36a9-4445-9650-cdf6112c4b62	e4ad093c-3c23-491c-8b32-0fbc2ebece70	f
80a747f6-a48d-42e5-be11-ccfce770a585	3			f	f	2026-04-11 13:22:00+00				cb70957f-1f1d-4126-a1a0-188cd8d78681	6da33048-bc93-4e58-8dda-f85bbaba7bfc	b67dd803-36a9-4445-9650-cdf6112c4b62	e4ad093c-3c23-491c-8b32-0fbc2ebece70	f
745e1bc4-3516-4994-b7a9-00a61d8fc80d	3	The seating area was a bit messy.		f	f	2026-04-11 09:48:00+00				4049a106-e6e2-43ba-b6da-e209b4fb2d5c	48ee7757-7b18-42fc-95b4-7a4208acebde	038483ff-3adf-4247-bf87-d7f8c4499729	e4ad093c-3c23-491c-8b32-0fbc2ebece70	f
1d39fa48-965d-4160-b651-ba6bc81b798c	2			f	f	2026-04-11 09:48:00+00				4049a106-e6e2-43ba-b6da-e209b4fb2d5c	6da33048-bc93-4e58-8dda-f85bbaba7bfc	038483ff-3adf-4247-bf87-d7f8c4499729	e4ad093c-3c23-491c-8b32-0fbc2ebece70	f
bead74a2-162b-45dd-9b36-648287559e1d	4			f	f	2026-04-11 14:17:00+00				4223895b-aa07-42c3-a090-a9deb20d497d	48ee7757-7b18-42fc-95b4-7a4208acebde	259889bf-8b51-4438-b42d-6d9828a67a36	e4ad093c-3c23-491c-8b32-0fbc2ebece70	f
884f7068-01fd-4294-8816-3dec8da65924	4			f	f	2026-04-11 14:17:00+00				4223895b-aa07-42c3-a090-a9deb20d497d	6da33048-bc93-4e58-8dda-f85bbaba7bfc	259889bf-8b51-4438-b42d-6d9828a67a36	e4ad093c-3c23-491c-8b32-0fbc2ebece70	f
cb5f24c2-fa3f-4fea-817b-e689f1da2113	5	Loved the atmosphere.		f	f	2026-04-11 20:12:00+00				4223895b-aa07-42c3-a090-a9deb20d497d	e4e47e42-3207-414c-9851-71bba8d3f33b	0c589390-6827-40bc-a35d-60601de5ff50	1b85962a-e213-4f40-a0f7-75d80dbab5d2	f
31eb4e42-e76f-47b8-a059-deda63afaabe	5	Friendly staff, made my morning.		f	f	2026-04-11 21:48:00+00				27a481f2-09aa-4c66-aea2-22ab5672c74e	48ee7757-7b18-42fc-95b4-7a4208acebde	53c2f1ec-ab95-49a3-975e-9b528bcc7dde	e4ad093c-3c23-491c-8b32-0fbc2ebece70	f
e642d6a9-5c49-46b7-9db2-e3869348f915	5			f	f	2026-04-11 21:48:00+00				27a481f2-09aa-4c66-aea2-22ab5672c74e	6da33048-bc93-4e58-8dda-f85bbaba7bfc	53c2f1ec-ab95-49a3-975e-9b528bcc7dde	e4ad093c-3c23-491c-8b32-0fbc2ebece70	f
67d27b83-59de-479b-b63f-f7e0bb4fae72	2			f	f	2026-04-11 11:11:00+00				cb70957f-1f1d-4126-a1a0-188cd8d78681	e4e47e42-3207-414c-9851-71bba8d3f33b	607fd948-9809-49e5-9536-761d6de625e0	1b85962a-e213-4f40-a0f7-75d80dbab5d2	f
6b08abd5-7225-42ad-b140-4a4e520c429e	5	Perfect as always.		f	f	2026-04-11 17:31:00+00				cb70957f-1f1d-4126-a1a0-188cd8d78681	e4e47e42-3207-414c-9851-71bba8d3f33b	cca3c2f7-6e72-4d57-b36d-ddaf7a784438	1b85962a-e213-4f40-a0f7-75d80dbab5d2	f
6040c1d4-6918-4dee-a101-679033e780a6	4			f	f	2026-04-11 19:48:00+00				27a481f2-09aa-4c66-aea2-22ab5672c74e	48ee7757-7b18-42fc-95b4-7a4208acebde	be66c5f2-ec75-4383-9812-b88465f3b75d	e4ad093c-3c23-491c-8b32-0fbc2ebece70	f
cc5f5bd1-9bf2-4c86-9110-0e46ec761313	2			f	f	2026-04-11 19:48:00+00				27a481f2-09aa-4c66-aea2-22ab5672c74e	6da33048-bc93-4e58-8dda-f85bbaba7bfc	be66c5f2-ec75-4383-9812-b88465f3b75d	e4ad093c-3c23-491c-8b32-0fbc2ebece70	f
3b5d79a5-1ae5-4927-b565-d6763054e4d2	4	Really great service, will be back!		f	f	2026-04-11 20:46:00+00				4049a106-e6e2-43ba-b6da-e209b4fb2d5c	48ee7757-7b18-42fc-95b4-7a4208acebde	0ae02383-c227-4161-be50-8e691d5965b4	e4ad093c-3c23-491c-8b32-0fbc2ebece70	f
11fb9208-44df-4c3e-a48c-8c929e637223	2			f	f	2026-04-11 20:46:00+00				4049a106-e6e2-43ba-b6da-e209b4fb2d5c	6da33048-bc93-4e58-8dda-f85bbaba7bfc	0ae02383-c227-4161-be50-8e691d5965b4	e4ad093c-3c23-491c-8b32-0fbc2ebece70	f
4105670a-96d7-4079-bc36-3327c76af4e2	4	A bit slow today but the coffee was excellent.		f	f	2026-04-12 17:52:00+00				27a481f2-09aa-4c66-aea2-22ab5672c74e	e4e47e42-3207-414c-9851-71bba8d3f33b	969d76ab-06bf-416f-b55e-b5c3d94b71dc	1b85962a-e213-4f40-a0f7-75d80dbab5d2	f
3036415c-599a-4860-8a03-ef95bdce41e5	5	The music was too loud.		f	f	2026-04-12 11:07:00+00				4049a106-e6e2-43ba-b6da-e209b4fb2d5c	48ee7757-7b18-42fc-95b4-7a4208acebde	da4fe704-1d41-4925-a654-ee6907b979c2	e4ad093c-3c23-491c-8b32-0fbc2ebece70	f
a12d2298-020a-408d-812d-583cbd016c13	4			f	f	2026-04-12 11:07:00+00				4049a106-e6e2-43ba-b6da-e209b4fb2d5c	6da33048-bc93-4e58-8dda-f85bbaba7bfc	da4fe704-1d41-4925-a654-ee6907b979c2	e4ad093c-3c23-491c-8b32-0fbc2ebece70	f
6fa86688-9cbc-4edf-9438-721f1e1965de	4	Waited too long, expected better.		f	f	2026-04-12 15:59:00+00				27a481f2-09aa-4c66-aea2-22ab5672c74e	e4e47e42-3207-414c-9851-71bba8d3f33b	e5b799bc-0c92-49db-bc90-bde3d94a7da9	1b85962a-e213-4f40-a0f7-75d80dbab5d2	f
79919834-cf28-40a0-8948-00e0899d8aa9	1			f	f	2026-04-12 08:16:00+00				4049a106-e6e2-43ba-b6da-e209b4fb2d5c	48ee7757-7b18-42fc-95b4-7a4208acebde	bf525520-7f83-4cba-a385-01aea2529f68	e4ad093c-3c23-491c-8b32-0fbc2ebece70	f
d3b029b8-1af9-4a4b-880a-8db103c6489f	5			f	f	2026-04-12 08:16:00+00				4049a106-e6e2-43ba-b6da-e209b4fb2d5c	6da33048-bc93-4e58-8dda-f85bbaba7bfc	bf525520-7f83-4cba-a385-01aea2529f68	e4ad093c-3c23-491c-8b32-0fbc2ebece70	f
98b99e4e-b01f-4249-b849-4cc0084f1718	5			f	f	2026-04-12 08:58:00+00				4049a106-e6e2-43ba-b6da-e209b4fb2d5c	48ee7757-7b18-42fc-95b4-7a4208acebde	1a7fcf20-c4d6-4726-b645-481d86393b8a	e4ad093c-3c23-491c-8b32-0fbc2ebece70	f
2c4246c9-e59e-4582-b952-e2b11e3a523e	2			f	f	2026-04-12 08:58:00+00				4049a106-e6e2-43ba-b6da-e209b4fb2d5c	6da33048-bc93-4e58-8dda-f85bbaba7bfc	1a7fcf20-c4d6-4726-b645-481d86393b8a	e4ad093c-3c23-491c-8b32-0fbc2ebece70	f
b529ee74-b6c3-4003-9156-13b549215e2a	2	Perfect as always.		f	f	2026-04-12 19:10:00+00				27a481f2-09aa-4c66-aea2-22ab5672c74e	e4e47e42-3207-414c-9851-71bba8d3f33b	c260a8a4-37f1-439c-abae-f23e2fa3e638	1b85962a-e213-4f40-a0f7-75d80dbab5d2	f
9228a1ea-15c4-4a0b-adc7-124dd010a0f2	4	The music was too loud.		f	f	2026-04-12 16:30:00+00				4049a106-e6e2-43ba-b6da-e209b4fb2d5c	e4e47e42-3207-414c-9851-71bba8d3f33b	a49399b5-0a66-462a-ab5d-16084389067d	1b85962a-e213-4f40-a0f7-75d80dbab5d2	f
035872b0-5888-4e46-bd71-b49e9a29e7c2	5	Friendly staff, made my morning.		f	f	2026-04-12 20:38:00+00				4049a106-e6e2-43ba-b6da-e209b4fb2d5c	48ee7757-7b18-42fc-95b4-7a4208acebde	d173d523-1e47-49a7-b245-50c6c538925a	e4ad093c-3c23-491c-8b32-0fbc2ebece70	f
73473de0-6942-4034-8f3b-2930b2898dc2	5			f	f	2026-04-12 20:38:00+00				4049a106-e6e2-43ba-b6da-e209b4fb2d5c	6da33048-bc93-4e58-8dda-f85bbaba7bfc	d173d523-1e47-49a7-b245-50c6c538925a	e4ad093c-3c23-491c-8b32-0fbc2ebece70	f
f27f3fde-42b0-4f36-afb1-0e7b17a8b0da	2	Really great service, will be back!		f	f	2026-04-12 10:16:00+00				27a481f2-09aa-4c66-aea2-22ab5672c74e	48ee7757-7b18-42fc-95b4-7a4208acebde	8593e651-d5fe-48b8-8cf0-1ab5e5b6ede9	e4ad093c-3c23-491c-8b32-0fbc2ebece70	f
b25ae31c-c5a5-4eb2-b665-3f9e6a10b320	2			f	f	2026-04-12 10:16:00+00				27a481f2-09aa-4c66-aea2-22ab5672c74e	6da33048-bc93-4e58-8dda-f85bbaba7bfc	8593e651-d5fe-48b8-8cf0-1ab5e5b6ede9	e4ad093c-3c23-491c-8b32-0fbc2ebece70	f
abe3bb66-aa4f-4b8a-9bbe-e395c1a501da	2			f	f	2026-04-12 10:52:00+00				27a481f2-09aa-4c66-aea2-22ab5672c74e	48ee7757-7b18-42fc-95b4-7a4208acebde	d8b20ba3-fa55-463e-a3d2-db14e4716e02	e4ad093c-3c23-491c-8b32-0fbc2ebece70	f
6cdbbc58-15e3-43d1-ae3a-f11e6d1e05d0	3			f	f	2026-04-12 10:52:00+00				27a481f2-09aa-4c66-aea2-22ab5672c74e	6da33048-bc93-4e58-8dda-f85bbaba7bfc	d8b20ba3-fa55-463e-a3d2-db14e4716e02	e4ad093c-3c23-491c-8b32-0fbc2ebece70	f
c6e8e886-c724-4269-9e83-de02e2d69eac	4	Best espresso in town.		f	f	2026-04-12 12:51:00+00				4049a106-e6e2-43ba-b6da-e209b4fb2d5c	e4e47e42-3207-414c-9851-71bba8d3f33b	98ab9695-3621-4876-8892-5065539b6866	1b85962a-e213-4f40-a0f7-75d80dbab5d2	f
9528d6e8-45eb-4d1a-935f-87f8ea62dd82	3	The seating area was a bit messy.		f	f	2026-04-12 12:46:00+00				27a481f2-09aa-4c66-aea2-22ab5672c74e	e4e47e42-3207-414c-9851-71bba8d3f33b	9b4d9640-53d9-4628-958b-547b8c0da2b6	1b85962a-e213-4f40-a0f7-75d80dbab5d2	f
7478b6ab-20cf-4b9e-acbd-7e81c3d0e09f	5	Really great service, will be back!		f	f	2026-04-12 09:17:00+00				cb70957f-1f1d-4126-a1a0-188cd8d78681	48ee7757-7b18-42fc-95b4-7a4208acebde	2f60802b-6b7d-402d-82fe-cd22b176b47b	e4ad093c-3c23-491c-8b32-0fbc2ebece70	f
a5bb708b-5c85-4652-b40b-f4704a154726	5			f	f	2026-04-12 09:17:00+00				cb70957f-1f1d-4126-a1a0-188cd8d78681	6da33048-bc93-4e58-8dda-f85bbaba7bfc	2f60802b-6b7d-402d-82fe-cd22b176b47b	e4ad093c-3c23-491c-8b32-0fbc2ebece70	f
04250000-3143-43ed-b516-a29e07a40db4	3	Perfect as always.		f	f	2026-04-12 18:35:00+00				27a481f2-09aa-4c66-aea2-22ab5672c74e	48ee7757-7b18-42fc-95b4-7a4208acebde	e990f1ef-ab48-4804-8822-7dc8db372be7	e4ad093c-3c23-491c-8b32-0fbc2ebece70	f
8fae2784-fe17-477c-b4b2-cdcfa8c440ed	4			t	f	2026-04-22 00:33:12.669815+00				fe638d10-8bd8-4e25-9304-9649e9bd3c89	d3f54542-7bab-4f29-b6d0-a1564613fffa	5300bad6-1cdd-4f63-8e63-f5563c611ea0	d4aab498-ace9-4d7e-84c2-f728734bc203	f
38107b59-fad1-4a77-9004-f9356f6a3568	2			f	f	2026-04-12 18:35:00+00				27a481f2-09aa-4c66-aea2-22ab5672c74e	6da33048-bc93-4e58-8dda-f85bbaba7bfc	e990f1ef-ab48-4804-8822-7dc8db372be7	e4ad093c-3c23-491c-8b32-0fbc2ebece70	f
b15b99db-23f9-400b-962a-149c7bc4f09c	4			t	f	2026-04-22 00:35:31.101119+00				fe638d10-8bd8-4e25-9304-9649e9bd3c89	d3f54542-7bab-4f29-b6d0-a1564613fffa	a2eab1d6-dc39-4b08-8144-c067448dc11e	d4aab498-ace9-4d7e-84c2-f728734bc203	f
e1e8077c-3c9d-49d8-8176-03a21b30c3bc	4			f	f	2026-04-12 10:00:00+00				4223895b-aa07-42c3-a090-a9deb20d497d	48ee7757-7b18-42fc-95b4-7a4208acebde	3d7e055f-ac67-47d4-9760-1ef6e9901f26	e4ad093c-3c23-491c-8b32-0fbc2ebece70	f
c95212ea-9c3e-4f91-8616-ba7874ccaa06	4			f	f	2026-04-12 10:00:00+00				4223895b-aa07-42c3-a090-a9deb20d497d	6da33048-bc93-4e58-8dda-f85bbaba7bfc	3d7e055f-ac67-47d4-9760-1ef6e9901f26	e4ad093c-3c23-491c-8b32-0fbc2ebece70	f
7a9343fe-1522-4865-bac7-44b9410b1811	4	Perfect as always.		f	f	2026-04-13 09:05:00+00				cb70957f-1f1d-4126-a1a0-188cd8d78681	48ee7757-7b18-42fc-95b4-7a4208acebde	00684cd4-ba41-4fc8-8a54-f8a22eb6acb0	e4ad093c-3c23-491c-8b32-0fbc2ebece70	f
011b3688-b56a-4fe1-8d70-6e905166d17e	3			f	f	2026-04-13 09:05:00+00				cb70957f-1f1d-4126-a1a0-188cd8d78681	6da33048-bc93-4e58-8dda-f85bbaba7bfc	00684cd4-ba41-4fc8-8a54-f8a22eb6acb0	e4ad093c-3c23-491c-8b32-0fbc2ebece70	f
f86f23af-e78b-4962-a184-d1f512d0308c	4	Perfect as always.		f	f	2026-04-13 17:55:00+00				27a481f2-09aa-4c66-aea2-22ab5672c74e	e4e47e42-3207-414c-9851-71bba8d3f33b	94f7de6f-5513-4ada-bd8c-850047f32d0c	1b85962a-e213-4f40-a0f7-75d80dbab5d2	f
e83b2e90-b658-47c4-a262-2b809e818453	4	Really great service, will be back!		f	f	2026-04-13 21:39:00+00				4223895b-aa07-42c3-a090-a9deb20d497d	e4e47e42-3207-414c-9851-71bba8d3f33b	5d2ba766-590f-4209-9dc4-5bab2f92bb15	1b85962a-e213-4f40-a0f7-75d80dbab5d2	f
bec38e7d-9704-4b7f-b18b-c253ca0831e2	3			f	f	2026-04-13 15:52:00+00				27a481f2-09aa-4c66-aea2-22ab5672c74e	e4e47e42-3207-414c-9851-71bba8d3f33b	1a54868d-52ec-4b3e-82a8-03bb4bbf52fa	1b85962a-e213-4f40-a0f7-75d80dbab5d2	f
98dcde6c-a561-40cd-a81b-0bb8c6cd7a94	4	Perfect as always.		f	f	2026-04-13 12:36:00+00				4223895b-aa07-42c3-a090-a9deb20d497d	48ee7757-7b18-42fc-95b4-7a4208acebde	bd336c37-9501-4027-a657-3a74c95f6a44	e4ad093c-3c23-491c-8b32-0fbc2ebece70	f
0b0ba4ef-2b9f-44d5-bda4-524e6e3a0c72	5			f	f	2026-04-13 12:36:00+00				4223895b-aa07-42c3-a090-a9deb20d497d	6da33048-bc93-4e58-8dda-f85bbaba7bfc	bd336c37-9501-4027-a657-3a74c95f6a44	e4ad093c-3c23-491c-8b32-0fbc2ebece70	f
acddfd51-3d15-4261-8c6c-4312f123e4f6	5	The seating area was a bit messy.		f	f	2026-04-13 11:21:00+00				27a481f2-09aa-4c66-aea2-22ab5672c74e	e4e47e42-3207-414c-9851-71bba8d3f33b	b061d338-d7a0-4484-bf02-493dbe7f981d	1b85962a-e213-4f40-a0f7-75d80dbab5d2	f
254f0296-ee94-4ab3-8e74-fd98e49c7fb9	5			f	f	2026-04-13 13:42:00+00				cb70957f-1f1d-4126-a1a0-188cd8d78681	e4e47e42-3207-414c-9851-71bba8d3f33b	9c04a8cc-913e-4119-8f0c-eae6d77d9325	1b85962a-e213-4f40-a0f7-75d80dbab5d2	f
5b54ee3d-431d-47fa-8ddf-0a82066363df	4	Really great service, will be back!		f	f	2026-04-13 19:35:00+00				4223895b-aa07-42c3-a090-a9deb20d497d	48ee7757-7b18-42fc-95b4-7a4208acebde	19053f8d-5046-4165-8d65-a98ed9884230	e4ad093c-3c23-491c-8b32-0fbc2ebece70	f
d7820d8d-417b-4950-aa6b-2306b2cf34cd	4			f	f	2026-04-13 19:35:00+00				4223895b-aa07-42c3-a090-a9deb20d497d	6da33048-bc93-4e58-8dda-f85bbaba7bfc	19053f8d-5046-4165-8d65-a98ed9884230	e4ad093c-3c23-491c-8b32-0fbc2ebece70	f
24ace5a5-fb95-40fe-a869-504f7ded1add	4	The seating area was a bit messy.		f	f	2026-04-13 19:49:00+00				4223895b-aa07-42c3-a090-a9deb20d497d	48ee7757-7b18-42fc-95b4-7a4208acebde	80fa4469-b4be-4d4b-8082-3d68f83de921	e4ad093c-3c23-491c-8b32-0fbc2ebece70	f
19f5e728-0135-4fbc-aaf5-2453a8ef35e6	5			f	f	2026-04-13 19:49:00+00				4223895b-aa07-42c3-a090-a9deb20d497d	6da33048-bc93-4e58-8dda-f85bbaba7bfc	80fa4469-b4be-4d4b-8082-3d68f83de921	e4ad093c-3c23-491c-8b32-0fbc2ebece70	f
20889b59-ad38-4a7e-8b09-24f5f1001afc	2	Perfect as always.		f	f	2026-04-13 17:34:00+00				27a481f2-09aa-4c66-aea2-22ab5672c74e	e4e47e42-3207-414c-9851-71bba8d3f33b	2fa5e0cf-e135-4953-b799-294e99ecd351	1b85962a-e213-4f40-a0f7-75d80dbab5d2	f
345e079d-9902-46e4-ad77-0cefa9810c7d	4	Perfect as always.		f	f	2026-04-13 21:46:00+00				4223895b-aa07-42c3-a090-a9deb20d497d	e4e47e42-3207-414c-9851-71bba8d3f33b	a686a96c-0c96-4cc9-8a61-33dbee3f86e6	1b85962a-e213-4f40-a0f7-75d80dbab5d2	f
948c9d24-73b0-485a-a4c8-c0c9ef9c2d49	5			f	f	2026-04-13 09:29:00+00				cb70957f-1f1d-4126-a1a0-188cd8d78681	e4e47e42-3207-414c-9851-71bba8d3f33b	f6e3ec6e-f6f4-4267-b67e-001d4dd488be	1b85962a-e213-4f40-a0f7-75d80dbab5d2	f
e331df54-b876-4134-8d89-f6cf083ecb4e	5			f	f	2026-04-13 18:25:00+00				4223895b-aa07-42c3-a090-a9deb20d497d	48ee7757-7b18-42fc-95b4-7a4208acebde	769f92fa-3986-4b10-9bb8-8acf8ea43eec	e4ad093c-3c23-491c-8b32-0fbc2ebece70	f
51a59cf6-5276-4727-a0d3-da003b58a173	4			f	f	2026-04-13 18:25:00+00				4223895b-aa07-42c3-a090-a9deb20d497d	6da33048-bc93-4e58-8dda-f85bbaba7bfc	769f92fa-3986-4b10-9bb8-8acf8ea43eec	e4ad093c-3c23-491c-8b32-0fbc2ebece70	f
b1b094e0-c279-42d5-9e8f-48698c843506	4			f	f	2026-04-14 20:34:00+00				4223895b-aa07-42c3-a090-a9deb20d497d	e4e47e42-3207-414c-9851-71bba8d3f33b	9a9cd2a4-3543-4b73-bd9d-c5fb8f03203d	1b85962a-e213-4f40-a0f7-75d80dbab5d2	f
7e27a194-c465-4c70-bba2-74898dde99b2	4			f	f	2026-04-14 09:46:00+00				4223895b-aa07-42c3-a090-a9deb20d497d	48ee7757-7b18-42fc-95b4-7a4208acebde	df4cf678-fce5-4749-8b42-4e087b47c9d6	e4ad093c-3c23-491c-8b32-0fbc2ebece70	f
c5303acc-7e21-43c2-a550-358a970cf227	4			f	f	2026-04-14 09:46:00+00				4223895b-aa07-42c3-a090-a9deb20d497d	6da33048-bc93-4e58-8dda-f85bbaba7bfc	df4cf678-fce5-4749-8b42-4e087b47c9d6	e4ad093c-3c23-491c-8b32-0fbc2ebece70	f
306db9e2-608f-473b-a2e4-1efe1553941b	5	A bit slow today but the coffee was excellent.		f	f	2026-04-14 16:23:00+00				4223895b-aa07-42c3-a090-a9deb20d497d	e4e47e42-3207-414c-9851-71bba8d3f33b	77a77a83-ef0a-4060-af5e-dfc68c5ffb11	1b85962a-e213-4f40-a0f7-75d80dbab5d2	f
335709d9-7455-430d-8e5a-42e22b69aee1	5			f	f	2026-04-14 18:04:00+00				cb70957f-1f1d-4126-a1a0-188cd8d78681	e4e47e42-3207-414c-9851-71bba8d3f33b	a2ba7e91-de70-4895-bebd-46ba6892bd7c	1b85962a-e213-4f40-a0f7-75d80dbab5d2	f
32232132-11a4-4695-8de2-69e24618309f	4	The seating area was a bit messy.		f	f	2026-04-14 17:05:00+00				27a481f2-09aa-4c66-aea2-22ab5672c74e	48ee7757-7b18-42fc-95b4-7a4208acebde	2e114587-ba83-408b-9bac-044eea616d25	e4ad093c-3c23-491c-8b32-0fbc2ebece70	f
381dca5b-7ceb-4c7c-9c14-9fc0a7eff64a	3			f	f	2026-04-14 17:05:00+00				27a481f2-09aa-4c66-aea2-22ab5672c74e	6da33048-bc93-4e58-8dda-f85bbaba7bfc	2e114587-ba83-408b-9bac-044eea616d25	e4ad093c-3c23-491c-8b32-0fbc2ebece70	f
ef3adcfe-03c7-4e5f-a3dd-382e3ad9787b	4			f	f	2026-04-14 20:15:00+00				cb70957f-1f1d-4126-a1a0-188cd8d78681	e4e47e42-3207-414c-9851-71bba8d3f33b	fb0de050-b742-410c-ba84-88e1d0c749a8	1b85962a-e213-4f40-a0f7-75d80dbab5d2	f
237919e8-2fbb-4e7f-ab8d-86278d5b1517	4	Loved the atmosphere.		f	f	2026-04-14 12:41:00+00				27a481f2-09aa-4c66-aea2-22ab5672c74e	e4e47e42-3207-414c-9851-71bba8d3f33b	e65298d1-f0ce-4eb8-8a2a-f21b1ebf9d13	1b85962a-e213-4f40-a0f7-75d80dbab5d2	f
98082f0c-9a30-4877-9957-144d2c79277d	4			f	f	2026-04-14 15:18:00+00				4223895b-aa07-42c3-a090-a9deb20d497d	48ee7757-7b18-42fc-95b4-7a4208acebde	bfd907fa-6cb1-4a7d-b53e-2e444001aaad	e4ad093c-3c23-491c-8b32-0fbc2ebece70	f
402cbb74-d05f-446e-8c02-4045a7f45fbc	4			f	f	2026-04-14 15:18:00+00				4223895b-aa07-42c3-a090-a9deb20d497d	6da33048-bc93-4e58-8dda-f85bbaba7bfc	bfd907fa-6cb1-4a7d-b53e-2e444001aaad	e4ad093c-3c23-491c-8b32-0fbc2ebece70	f
73476940-e171-44f4-9254-bd86e66d482e	5	Really great service, will be back!		f	f	2026-04-14 20:39:00+00				cb70957f-1f1d-4126-a1a0-188cd8d78681	e4e47e42-3207-414c-9851-71bba8d3f33b	dbadfb44-ea26-4106-bec7-049b5495b2e1	1b85962a-e213-4f40-a0f7-75d80dbab5d2	f
e7c26c59-90da-452c-a0e2-65641de35ea0	4	Perfect as always.		f	f	2026-04-14 13:38:00+00				4049a106-e6e2-43ba-b6da-e209b4fb2d5c	48ee7757-7b18-42fc-95b4-7a4208acebde	02fade5f-c33b-49ab-b8ff-5c3310637fdc	e4ad093c-3c23-491c-8b32-0fbc2ebece70	f
28ed0552-0b44-46f6-a5a6-85ff95e114df	5			f	f	2026-04-14 13:38:00+00				4049a106-e6e2-43ba-b6da-e209b4fb2d5c	6da33048-bc93-4e58-8dda-f85bbaba7bfc	02fade5f-c33b-49ab-b8ff-5c3310637fdc	e4ad093c-3c23-491c-8b32-0fbc2ebece70	f
798a615a-e59c-4fc1-9523-3b65333870b2	5	A bit slow today but the coffee was excellent.		f	f	2026-04-14 09:36:00+00				4223895b-aa07-42c3-a090-a9deb20d497d	48ee7757-7b18-42fc-95b4-7a4208acebde	9b401237-3ebc-4bd0-bf4a-ce331f89ab3d	e4ad093c-3c23-491c-8b32-0fbc2ebece70	f
1ffbf1ef-7256-4b06-a981-9132b35c3d1a	5			f	f	2026-04-14 09:36:00+00				4223895b-aa07-42c3-a090-a9deb20d497d	6da33048-bc93-4e58-8dda-f85bbaba7bfc	9b401237-3ebc-4bd0-bf4a-ce331f89ab3d	e4ad093c-3c23-491c-8b32-0fbc2ebece70	f
6df018d5-d730-48eb-8481-2b75e2afcf57	4			f	f	2026-04-14 14:49:00+00				4223895b-aa07-42c3-a090-a9deb20d497d	48ee7757-7b18-42fc-95b4-7a4208acebde	f991d32f-0ae0-4e5e-89ba-424c5e711ca1	e4ad093c-3c23-491c-8b32-0fbc2ebece70	f
00fe031a-18c8-47b2-a815-9f5f23f6d921	4			f	f	2026-04-14 14:49:00+00				4223895b-aa07-42c3-a090-a9deb20d497d	6da33048-bc93-4e58-8dda-f85bbaba7bfc	f991d32f-0ae0-4e5e-89ba-424c5e711ca1	e4ad093c-3c23-491c-8b32-0fbc2ebece70	f
48a235d5-a93d-4ff9-a17a-f7e279486d69	3	Really great service, will be back!		f	f	2026-04-14 12:38:00+00				27a481f2-09aa-4c66-aea2-22ab5672c74e	48ee7757-7b18-42fc-95b4-7a4208acebde	5e535b2a-6c92-4bb0-bfbf-b8a0aa6618d3	e4ad093c-3c23-491c-8b32-0fbc2ebece70	f
1d2b15de-327b-40f4-9add-e03a345e97bc	3			f	f	2026-04-14 12:38:00+00				27a481f2-09aa-4c66-aea2-22ab5672c74e	6da33048-bc93-4e58-8dda-f85bbaba7bfc	5e535b2a-6c92-4bb0-bfbf-b8a0aa6618d3	e4ad093c-3c23-491c-8b32-0fbc2ebece70	f
fa8493ab-5a1d-4d5a-a75a-16df240696a6	3	Perfect as always.		f	f	2026-04-14 13:14:00+00				27a481f2-09aa-4c66-aea2-22ab5672c74e	48ee7757-7b18-42fc-95b4-7a4208acebde	70838ad0-3bbd-4690-87cd-1828b0c64c4b	e4ad093c-3c23-491c-8b32-0fbc2ebece70	f
26a5b183-e6f8-4ba4-b3b7-762129c75bcc	3			f	f	2026-04-14 13:14:00+00				27a481f2-09aa-4c66-aea2-22ab5672c74e	6da33048-bc93-4e58-8dda-f85bbaba7bfc	70838ad0-3bbd-4690-87cd-1828b0c64c4b	e4ad093c-3c23-491c-8b32-0fbc2ebece70	f
b5aaa93d-1219-4410-9817-1ae46fab90c2	3	The seating area was a bit messy.		f	f	2026-04-15 16:44:00+00				4049a106-e6e2-43ba-b6da-e209b4fb2d5c	e4e47e42-3207-414c-9851-71bba8d3f33b	7c23f10c-c04d-4925-94ab-d8b1aad67f1f	1b85962a-e213-4f40-a0f7-75d80dbab5d2	f
0381a714-afe4-4c30-ac40-84223d27fd87	3			f	f	2026-04-15 08:55:00+00				4223895b-aa07-42c3-a090-a9deb20d497d	e4e47e42-3207-414c-9851-71bba8d3f33b	3a9ecc4a-a2a6-4947-896a-692415c6277f	1b85962a-e213-4f40-a0f7-75d80dbab5d2	f
bfe4a83d-de87-4df9-8d6b-12c5de2266fb	4			f	f	2026-04-15 19:58:00+00				4049a106-e6e2-43ba-b6da-e209b4fb2d5c	e4e47e42-3207-414c-9851-71bba8d3f33b	f6331401-757c-4778-a010-431140941e0f	1b85962a-e213-4f40-a0f7-75d80dbab5d2	f
82f2e85f-8caa-477a-b0c0-bd585e8915e1	5	Waited too long, expected better.		f	f	2026-04-15 11:04:00+00				27a481f2-09aa-4c66-aea2-22ab5672c74e	48ee7757-7b18-42fc-95b4-7a4208acebde	2dcd38f9-3191-44a8-9ba5-7383ce6bbdf7	e4ad093c-3c23-491c-8b32-0fbc2ebece70	f
2bc391b0-c7ee-4965-8060-40ece84efc38	5			f	f	2026-04-15 11:04:00+00				27a481f2-09aa-4c66-aea2-22ab5672c74e	6da33048-bc93-4e58-8dda-f85bbaba7bfc	2dcd38f9-3191-44a8-9ba5-7383ce6bbdf7	e4ad093c-3c23-491c-8b32-0fbc2ebece70	f
3d0f04f7-8d8a-4e1c-9ce2-876a1b02bf57	5			f	f	2026-04-15 21:52:00+00				cb70957f-1f1d-4126-a1a0-188cd8d78681	e4e47e42-3207-414c-9851-71bba8d3f33b	ee58f660-3a5c-4be5-b1e8-45b968e4df3c	1b85962a-e213-4f40-a0f7-75d80dbab5d2	f
34ed9543-8053-413f-8ed8-1197532e0c1d	5			f	f	2026-04-15 17:08:00+00				4223895b-aa07-42c3-a090-a9deb20d497d	48ee7757-7b18-42fc-95b4-7a4208acebde	43bc561d-6d1f-41e8-a886-e16f5895bb0f	e4ad093c-3c23-491c-8b32-0fbc2ebece70	f
71b255f2-16d4-43b5-8b07-02cdf48e69a0	4			f	f	2026-04-15 17:08:00+00				4223895b-aa07-42c3-a090-a9deb20d497d	6da33048-bc93-4e58-8dda-f85bbaba7bfc	43bc561d-6d1f-41e8-a886-e16f5895bb0f	e4ad093c-3c23-491c-8b32-0fbc2ebece70	f
d92590cd-3819-45a8-a924-d9d406ea8371	5	The music was too loud.		f	f	2026-04-15 18:02:00+00				cb70957f-1f1d-4126-a1a0-188cd8d78681	e4e47e42-3207-414c-9851-71bba8d3f33b	6503ed8b-45f5-4c57-8e31-9333ba5d1e76	1b85962a-e213-4f40-a0f7-75d80dbab5d2	f
819a8b0c-cd8d-444f-a8ce-e04e92e12a1c	2	The music was too loud.		f	f	2026-04-15 07:08:00+00				4049a106-e6e2-43ba-b6da-e209b4fb2d5c	e4e47e42-3207-414c-9851-71bba8d3f33b	536a4d23-d5c6-4550-9797-17f141bb372e	1b85962a-e213-4f40-a0f7-75d80dbab5d2	f
bd909bfd-ccb2-485b-93f4-c921073ae9d1	4	A bit slow today but the coffee was excellent.		f	f	2026-04-15 13:15:00+00				4223895b-aa07-42c3-a090-a9deb20d497d	e4e47e42-3207-414c-9851-71bba8d3f33b	6c7a1a0e-bb7a-4975-bf8f-09f47b3152c9	1b85962a-e213-4f40-a0f7-75d80dbab5d2	f
16e9215d-f086-4b18-a192-97354367ecc7	4			t	f	2026-04-22 00:39:48.028098+00				fe638d10-8bd8-4e25-9304-9649e9bd3c89	d3f54542-7bab-4f29-b6d0-a1564613fffa	cfb1dfe1-f1b5-45c4-81f6-d7557dcc07fa	d4aab498-ace9-4d7e-84c2-f728734bc203	f
caccaff8-8f94-4f9b-b5cd-914187c13adc	2	The seating area was a bit messy.		f	f	2026-04-15 13:49:00+00				27a481f2-09aa-4c66-aea2-22ab5672c74e	48ee7757-7b18-42fc-95b4-7a4208acebde	f0c3eff1-b84e-4d18-bd59-dcb61a022eb5	e4ad093c-3c23-491c-8b32-0fbc2ebece70	f
30e2b388-033d-40e5-bc72-6c4acc7bc5a6	4			f	f	2026-04-15 13:49:00+00				27a481f2-09aa-4c66-aea2-22ab5672c74e	6da33048-bc93-4e58-8dda-f85bbaba7bfc	f0c3eff1-b84e-4d18-bd59-dcb61a022eb5	e4ad093c-3c23-491c-8b32-0fbc2ebece70	f
bdb5fbff-1c88-4b29-af52-1c0d9a0b4b31	3	My order wasn't quite right but they fixed it quickly.		f	f	2026-04-15 13:44:00+00				4049a106-e6e2-43ba-b6da-e209b4fb2d5c	e4e47e42-3207-414c-9851-71bba8d3f33b	a42f3967-1267-43ca-b294-b09a466c9ab8	1b85962a-e213-4f40-a0f7-75d80dbab5d2	f
13212614-571a-4677-b9e7-3c85accea279	2	Really great service, will be back!		f	f	2026-04-15 11:08:00+00				4049a106-e6e2-43ba-b6da-e209b4fb2d5c	48ee7757-7b18-42fc-95b4-7a4208acebde	360efc48-ce01-4624-a96f-7db7031b86ad	e4ad093c-3c23-491c-8b32-0fbc2ebece70	f
8af26d92-3714-4a8a-afaa-148141df5c17	1			f	f	2026-04-15 11:08:00+00				4049a106-e6e2-43ba-b6da-e209b4fb2d5c	6da33048-bc93-4e58-8dda-f85bbaba7bfc	360efc48-ce01-4624-a96f-7db7031b86ad	e4ad093c-3c23-491c-8b32-0fbc2ebece70	f
51547b65-e499-42c9-aa27-8311b73e3655	3			f	f	2026-04-15 21:06:00+00				4049a106-e6e2-43ba-b6da-e209b4fb2d5c	e4e47e42-3207-414c-9851-71bba8d3f33b	7bc407f6-e74e-4243-bbab-385e574ad668	1b85962a-e213-4f40-a0f7-75d80dbab5d2	f
f446a43e-04e6-49ec-9ad1-b0ccb3219db6	5	The music was too loud.		f	f	2026-04-15 12:49:00+00				cb70957f-1f1d-4126-a1a0-188cd8d78681	e4e47e42-3207-414c-9851-71bba8d3f33b	cde9668d-8d0e-4db7-affb-88f7521b735f	1b85962a-e213-4f40-a0f7-75d80dbab5d2	f
a15b1a07-f68a-4139-8be7-8c1e1afe87bc	5			f	f	2026-04-15 13:53:00+00				cb70957f-1f1d-4126-a1a0-188cd8d78681	e4e47e42-3207-414c-9851-71bba8d3f33b	f7cb5e67-fe0a-4e9b-8f3d-18a2efdbce6b	1b85962a-e213-4f40-a0f7-75d80dbab5d2	f
70c054d9-364a-4443-ab5a-e87bf82945fb	4	The music was too loud.		f	f	2026-04-15 15:22:00+00				4049a106-e6e2-43ba-b6da-e209b4fb2d5c	e4e47e42-3207-414c-9851-71bba8d3f33b	ee1bf1ef-117c-4315-91ee-29f15caabb88	1b85962a-e213-4f40-a0f7-75d80dbab5d2	f
27ccdade-466b-40ac-bc95-24cb5b02aaba	2			f	f	2026-04-15 18:19:00+00				4049a106-e6e2-43ba-b6da-e209b4fb2d5c	48ee7757-7b18-42fc-95b4-7a4208acebde	0d3fce31-414a-44c2-b362-25253428418a	e4ad093c-3c23-491c-8b32-0fbc2ebece70	f
4b526811-569b-4cb1-a22f-ab42cd6b096a	5			f	f	2026-04-15 18:19:00+00				4049a106-e6e2-43ba-b6da-e209b4fb2d5c	6da33048-bc93-4e58-8dda-f85bbaba7bfc	0d3fce31-414a-44c2-b362-25253428418a	e4ad093c-3c23-491c-8b32-0fbc2ebece70	f
16c76997-86e5-4b42-9cc6-ba8dd33325db	5	A bit slow today but the coffee was excellent.		f	f	2026-04-15 12:30:00+00				27a481f2-09aa-4c66-aea2-22ab5672c74e	48ee7757-7b18-42fc-95b4-7a4208acebde	d5f57008-ff9f-4847-955d-ac6a8f5a3adb	e4ad093c-3c23-491c-8b32-0fbc2ebece70	f
4abd478c-aee8-45ef-aa8f-528755426eb1	3			f	f	2026-04-15 12:30:00+00				27a481f2-09aa-4c66-aea2-22ab5672c74e	6da33048-bc93-4e58-8dda-f85bbaba7bfc	d5f57008-ff9f-4847-955d-ac6a8f5a3adb	e4ad093c-3c23-491c-8b32-0fbc2ebece70	f
0262f9a5-f0fa-4218-9008-1e5bc44604d9	4			f	f	2026-04-15 20:50:00+00				27a481f2-09aa-4c66-aea2-22ab5672c74e	e4e47e42-3207-414c-9851-71bba8d3f33b	dbf115b0-7c0e-47f7-8bd3-14ce0826f35a	1b85962a-e213-4f40-a0f7-75d80dbab5d2	f
5a272446-b824-4fac-8ede-c29e677944fa	3	Really great service, will be back!		f	f	2026-04-15 21:15:00+00				cb70957f-1f1d-4126-a1a0-188cd8d78681	e4e47e42-3207-414c-9851-71bba8d3f33b	b482ceae-49d8-423a-b3d9-542a8a091f90	1b85962a-e213-4f40-a0f7-75d80dbab5d2	f
47912541-3fd8-4870-a926-a5b7ed1069f3	1			f	f	2026-04-16 16:43:00+00				4049a106-e6e2-43ba-b6da-e209b4fb2d5c	e4e47e42-3207-414c-9851-71bba8d3f33b	752c1fda-c4dd-4c80-8efa-79a2852d4b66	1b85962a-e213-4f40-a0f7-75d80dbab5d2	f
c147b59c-9c6a-49a4-bf0b-cedafc5f029f	3	Loved the atmosphere.		f	f	2026-04-16 10:30:00+00				27a481f2-09aa-4c66-aea2-22ab5672c74e	48ee7757-7b18-42fc-95b4-7a4208acebde	e3ece747-9c4e-42f6-b3fd-1b7f3dba09cc	e4ad093c-3c23-491c-8b32-0fbc2ebece70	f
92414326-425c-453c-b6aa-8dc58635f048	3			f	f	2026-04-16 10:30:00+00				27a481f2-09aa-4c66-aea2-22ab5672c74e	6da33048-bc93-4e58-8dda-f85bbaba7bfc	e3ece747-9c4e-42f6-b3fd-1b7f3dba09cc	e4ad093c-3c23-491c-8b32-0fbc2ebece70	f
c4a1ff5f-d7c0-4e58-930c-3f6fb3020905	3	Perfect as always.		f	f	2026-04-16 07:27:00+00				4049a106-e6e2-43ba-b6da-e209b4fb2d5c	48ee7757-7b18-42fc-95b4-7a4208acebde	ad062da9-5eb3-4204-b29b-7f599bd4c3e8	e4ad093c-3c23-491c-8b32-0fbc2ebece70	f
4cfde42e-ff37-497c-a04b-0c6fff6d7939	2			f	f	2026-04-16 07:27:00+00				4049a106-e6e2-43ba-b6da-e209b4fb2d5c	6da33048-bc93-4e58-8dda-f85bbaba7bfc	ad062da9-5eb3-4204-b29b-7f599bd4c3e8	e4ad093c-3c23-491c-8b32-0fbc2ebece70	f
64a8db5e-daff-43c6-b579-8c7c9e60d22f	4			f	f	2026-04-16 19:14:00+00				4223895b-aa07-42c3-a090-a9deb20d497d	48ee7757-7b18-42fc-95b4-7a4208acebde	fc100c22-3cac-4fa5-85c5-e8565f8e96ca	e4ad093c-3c23-491c-8b32-0fbc2ebece70	f
cdedff6c-ed24-41de-8b87-732c4b6074eb	4			f	f	2026-04-16 19:14:00+00				4223895b-aa07-42c3-a090-a9deb20d497d	6da33048-bc93-4e58-8dda-f85bbaba7bfc	fc100c22-3cac-4fa5-85c5-e8565f8e96ca	e4ad093c-3c23-491c-8b32-0fbc2ebece70	f
d80f8f41-ee3f-480f-9ac1-6db7054f1795	5	Really great service, will be back!		f	f	2026-04-16 16:20:00+00				4223895b-aa07-42c3-a090-a9deb20d497d	48ee7757-7b18-42fc-95b4-7a4208acebde	c480ca1f-fd79-4044-8ff8-9958452dc071	e4ad093c-3c23-491c-8b32-0fbc2ebece70	f
9f334b6a-e040-4dfa-bb68-cf69015b3879	4			f	f	2026-04-16 16:20:00+00				4223895b-aa07-42c3-a090-a9deb20d497d	6da33048-bc93-4e58-8dda-f85bbaba7bfc	c480ca1f-fd79-4044-8ff8-9958452dc071	e4ad093c-3c23-491c-8b32-0fbc2ebece70	f
43b2131b-dda1-4035-8fe4-09d2dfc62086	5	A bit slow today but the coffee was excellent.		f	f	2026-04-16 08:28:00+00				4223895b-aa07-42c3-a090-a9deb20d497d	48ee7757-7b18-42fc-95b4-7a4208acebde	af323ac9-7b67-4712-9362-a5192a4483cd	e4ad093c-3c23-491c-8b32-0fbc2ebece70	f
ea0a3fea-4e87-420e-bbf5-4eb9da6dbdab	5			f	f	2026-04-16 08:28:00+00				4223895b-aa07-42c3-a090-a9deb20d497d	6da33048-bc93-4e58-8dda-f85bbaba7bfc	af323ac9-7b67-4712-9362-a5192a4483cd	e4ad093c-3c23-491c-8b32-0fbc2ebece70	f
940ff552-6102-4db7-b6e8-1fdf1047257c	1			f	f	2026-04-16 07:21:00+00				4049a106-e6e2-43ba-b6da-e209b4fb2d5c	48ee7757-7b18-42fc-95b4-7a4208acebde	9245dcaf-400f-4a38-afab-9b03807c3623	e4ad093c-3c23-491c-8b32-0fbc2ebece70	f
d0d9d12c-4c89-456b-9545-4576f754cae6	2			f	f	2026-04-16 07:21:00+00				4049a106-e6e2-43ba-b6da-e209b4fb2d5c	6da33048-bc93-4e58-8dda-f85bbaba7bfc	9245dcaf-400f-4a38-afab-9b03807c3623	e4ad093c-3c23-491c-8b32-0fbc2ebece70	f
8ca44412-4824-4fb9-b184-8a8e57c1d165	1	The seating area was a bit messy.		f	f	2026-04-16 12:05:00+00				4049a106-e6e2-43ba-b6da-e209b4fb2d5c	e4e47e42-3207-414c-9851-71bba8d3f33b	137f2005-e59b-479e-b208-f435b13ffc74	1b85962a-e213-4f40-a0f7-75d80dbab5d2	f
638b67fd-d423-4dcb-9539-762f71bbdc69	2	Friendly staff, made my morning.		f	f	2026-04-16 13:11:00+00				27a481f2-09aa-4c66-aea2-22ab5672c74e	e4e47e42-3207-414c-9851-71bba8d3f33b	b5729c4a-36b6-4f20-acb4-d6bb93fd168e	1b85962a-e213-4f40-a0f7-75d80dbab5d2	f
ab9a5037-954a-48e2-aae8-441ca006e844	4			f	f	2026-04-16 09:50:00+00				27a481f2-09aa-4c66-aea2-22ab5672c74e	e4e47e42-3207-414c-9851-71bba8d3f33b	80abbc8a-c5b9-4287-84da-7d3fff60f100	1b85962a-e213-4f40-a0f7-75d80dbab5d2	f
932e4368-45e9-47f9-ba3a-40486b34e9de	5			f	f	2026-04-16 21:42:00+00				4049a106-e6e2-43ba-b6da-e209b4fb2d5c	e4e47e42-3207-414c-9851-71bba8d3f33b	4644b3fa-1d5e-466f-9621-d21e0ad877a2	1b85962a-e213-4f40-a0f7-75d80dbab5d2	f
054c7fbc-07e3-4fc1-8e4e-f367c4deac1e	1	Really great service, will be back!		f	f	2026-04-16 19:46:00+00				4049a106-e6e2-43ba-b6da-e209b4fb2d5c	48ee7757-7b18-42fc-95b4-7a4208acebde	683634db-acab-431f-8c1b-3d406763c725	e4ad093c-3c23-491c-8b32-0fbc2ebece70	f
7041c6ec-cbc3-434d-ad1b-cc1332866be7	5			f	f	2026-04-16 19:46:00+00				4049a106-e6e2-43ba-b6da-e209b4fb2d5c	6da33048-bc93-4e58-8dda-f85bbaba7bfc	683634db-acab-431f-8c1b-3d406763c725	e4ad093c-3c23-491c-8b32-0fbc2ebece70	f
9907c3ad-eec3-4f33-895b-5b893e0f2293	5	Waited too long, expected better.		f	f	2026-04-16 18:18:00+00				cb70957f-1f1d-4126-a1a0-188cd8d78681	e4e47e42-3207-414c-9851-71bba8d3f33b	e1bab1d3-6bda-4a2b-9ab8-31fe7feffd42	1b85962a-e213-4f40-a0f7-75d80dbab5d2	f
61eeeb5c-3330-477b-b364-f693e2c1b9b7	4	Really great service, will be back!		f	f	2026-04-16 09:02:00+00				4223895b-aa07-42c3-a090-a9deb20d497d	e4e47e42-3207-414c-9851-71bba8d3f33b	fd3f3597-192f-4a4b-ab6c-aa5b3097369f	1b85962a-e213-4f40-a0f7-75d80dbab5d2	f
ccd2f588-6e05-4d61-8eb4-f0e3143abb53	2	Loved the atmosphere.		f	f	2026-04-16 14:33:00+00				4049a106-e6e2-43ba-b6da-e209b4fb2d5c	48ee7757-7b18-42fc-95b4-7a4208acebde	fb38ba18-c981-4b0b-b4fd-1138704c718f	e4ad093c-3c23-491c-8b32-0fbc2ebece70	f
edd4bb77-b9c0-4f77-9b06-464376289a29	2			f	f	2026-04-16 14:33:00+00				4049a106-e6e2-43ba-b6da-e209b4fb2d5c	6da33048-bc93-4e58-8dda-f85bbaba7bfc	fb38ba18-c981-4b0b-b4fd-1138704c718f	e4ad093c-3c23-491c-8b32-0fbc2ebece70	f
4ae1fbb1-1037-4e6a-9c98-af04ed220a1c	3			f	f	2026-04-16 15:54:00+00				4049a106-e6e2-43ba-b6da-e209b4fb2d5c	48ee7757-7b18-42fc-95b4-7a4208acebde	986fe0e7-f807-4a76-a5dc-3774c3b457aa	e4ad093c-3c23-491c-8b32-0fbc2ebece70	f
ffcbf371-2d55-43d8-a150-49a77d5477d6	4			f	f	2026-04-16 15:54:00+00				4049a106-e6e2-43ba-b6da-e209b4fb2d5c	6da33048-bc93-4e58-8dda-f85bbaba7bfc	986fe0e7-f807-4a76-a5dc-3774c3b457aa	e4ad093c-3c23-491c-8b32-0fbc2ebece70	f
6ce2577e-0270-47a0-9d6c-c3a5fc7b8634	4			f	f	2026-04-16 19:32:00+00				cb70957f-1f1d-4126-a1a0-188cd8d78681	48ee7757-7b18-42fc-95b4-7a4208acebde	2413f1dc-6f69-4079-903b-b8e82f6cc5be	e4ad093c-3c23-491c-8b32-0fbc2ebece70	f
ad7c70f0-bcd1-4619-99be-0b348c4453a6	5			f	f	2026-04-16 19:32:00+00				cb70957f-1f1d-4126-a1a0-188cd8d78681	6da33048-bc93-4e58-8dda-f85bbaba7bfc	2413f1dc-6f69-4079-903b-b8e82f6cc5be	e4ad093c-3c23-491c-8b32-0fbc2ebece70	f
1a129f1f-206e-472c-ba55-a0ef4ec00d5c	5			f	f	2026-04-16 14:26:00+00				4223895b-aa07-42c3-a090-a9deb20d497d	48ee7757-7b18-42fc-95b4-7a4208acebde	598b9fdd-4db1-4731-b5f1-5b6be3eecd11	e4ad093c-3c23-491c-8b32-0fbc2ebece70	f
6212796d-0cb1-449d-b311-3044d23abf22	5			f	f	2026-04-16 14:26:00+00				4223895b-aa07-42c3-a090-a9deb20d497d	6da33048-bc93-4e58-8dda-f85bbaba7bfc	598b9fdd-4db1-4731-b5f1-5b6be3eecd11	e4ad093c-3c23-491c-8b32-0fbc2ebece70	f
d81b3ddf-ff7f-404e-9138-f1aaa6abc15a	5	Perfect as always.		f	f	2026-04-16 07:57:00+00				cb70957f-1f1d-4126-a1a0-188cd8d78681	e4e47e42-3207-414c-9851-71bba8d3f33b	b02c22e1-bf4c-4ffc-8910-4cc9209f1f06	1b85962a-e213-4f40-a0f7-75d80dbab5d2	f
ac4522a1-4dcb-4396-8acd-6b328147a359	3			f	f	2026-04-16 12:36:00+00				cb70957f-1f1d-4126-a1a0-188cd8d78681	e4e47e42-3207-414c-9851-71bba8d3f33b	b353e53b-1f94-4f49-8759-884363201c91	1b85962a-e213-4f40-a0f7-75d80dbab5d2	f
a1be57ae-46a5-4bdb-84a9-5dec6803e6e6	5			f	f	2026-04-16 09:14:00+00				4223895b-aa07-42c3-a090-a9deb20d497d	48ee7757-7b18-42fc-95b4-7a4208acebde	3b441524-95d9-4145-990a-613c60d35dde	e4ad093c-3c23-491c-8b32-0fbc2ebece70	f
5bcc9b07-3af0-44d9-ad5f-de44f0a6aae0	5			f	f	2026-04-16 09:14:00+00				4223895b-aa07-42c3-a090-a9deb20d497d	6da33048-bc93-4e58-8dda-f85bbaba7bfc	3b441524-95d9-4145-990a-613c60d35dde	e4ad093c-3c23-491c-8b32-0fbc2ebece70	f
5bc7ca4f-ba28-41fc-b178-ee7091087157	3	The music was too loud.		f	f	2026-04-16 09:50:00+00				cb70957f-1f1d-4126-a1a0-188cd8d78681	e4e47e42-3207-414c-9851-71bba8d3f33b	87fb2e94-032c-4e85-8436-3746bdb6ec53	1b85962a-e213-4f40-a0f7-75d80dbab5d2	f
a3d28ffa-64d0-4bc6-b62d-f6cd7a81c423	5	Best espresso in town.		f	f	2026-04-17 20:24:00+00				cb70957f-1f1d-4126-a1a0-188cd8d78681	48ee7757-7b18-42fc-95b4-7a4208acebde	d082ca93-99ad-4773-8853-c8ed35143f46	e4ad093c-3c23-491c-8b32-0fbc2ebece70	f
551e79ef-dd14-4a5b-83d8-6647e250d999	3			f	f	2026-04-17 20:24:00+00				cb70957f-1f1d-4126-a1a0-188cd8d78681	6da33048-bc93-4e58-8dda-f85bbaba7bfc	d082ca93-99ad-4773-8853-c8ed35143f46	e4ad093c-3c23-491c-8b32-0fbc2ebece70	f
dd418e24-77a8-4f96-ba74-81a827d61500	4			f	f	2026-04-17 12:28:00+00				27a481f2-09aa-4c66-aea2-22ab5672c74e	e4e47e42-3207-414c-9851-71bba8d3f33b	3b90cd2b-9b7f-4007-99f7-bbefdf8261b2	1b85962a-e213-4f40-a0f7-75d80dbab5d2	f
33ec3dfe-5613-45b9-8360-a0ba5720d3fc	3			t	f	2026-04-22 00:42:14.124437+00				fe638d10-8bd8-4e25-9304-9649e9bd3c89	d3f54542-7bab-4f29-b6d0-a1564613fffa	d2695dbf-4e81-4e12-a879-b9a8da736a7e	d4aab498-ace9-4d7e-84c2-f728734bc203	f
35a9bbad-7eb8-4e26-b6ea-b3904adadd65	2			f	f	2026-04-17 08:02:00+00				27a481f2-09aa-4c66-aea2-22ab5672c74e	48ee7757-7b18-42fc-95b4-7a4208acebde	ff35acd9-c507-438e-87bb-f39bc406af57	e4ad093c-3c23-491c-8b32-0fbc2ebece70	f
7d0af823-2d15-451e-8211-14ec8abf9d15	5			f	f	2026-04-17 08:02:00+00				27a481f2-09aa-4c66-aea2-22ab5672c74e	6da33048-bc93-4e58-8dda-f85bbaba7bfc	ff35acd9-c507-438e-87bb-f39bc406af57	e4ad093c-3c23-491c-8b32-0fbc2ebece70	f
876ba910-4a06-47c0-8381-85619a42feb4	5	The music was too loud.		f	f	2026-04-17 13:49:00+00				4049a106-e6e2-43ba-b6da-e209b4fb2d5c	48ee7757-7b18-42fc-95b4-7a4208acebde	e904dcd0-e9ee-4504-bc10-0943a5b9a969	e4ad093c-3c23-491c-8b32-0fbc2ebece70	f
605f8be6-031b-4803-9989-4e2b446c24dc	3			f	f	2026-04-17 13:49:00+00				4049a106-e6e2-43ba-b6da-e209b4fb2d5c	6da33048-bc93-4e58-8dda-f85bbaba7bfc	e904dcd0-e9ee-4504-bc10-0943a5b9a969	e4ad093c-3c23-491c-8b32-0fbc2ebece70	f
c102a2a3-86a7-4f12-ba0a-471637986948	2	My order wasn't quite right but they fixed it quickly.		f	f	2026-04-17 11:31:00+00				4049a106-e6e2-43ba-b6da-e209b4fb2d5c	48ee7757-7b18-42fc-95b4-7a4208acebde	633b2de0-3997-4814-aeda-2ee1b1fb0604	e4ad093c-3c23-491c-8b32-0fbc2ebece70	f
44cc0850-99b9-430d-bbef-84d94b37f277	2			f	f	2026-04-17 11:31:00+00				4049a106-e6e2-43ba-b6da-e209b4fb2d5c	6da33048-bc93-4e58-8dda-f85bbaba7bfc	633b2de0-3997-4814-aeda-2ee1b1fb0604	e4ad093c-3c23-491c-8b32-0fbc2ebece70	f
43187506-6a74-4e78-b5c2-822c19217644	4	My order wasn't quite right but they fixed it quickly.		f	f	2026-04-17 13:31:00+00				cb70957f-1f1d-4126-a1a0-188cd8d78681	e4e47e42-3207-414c-9851-71bba8d3f33b	6859f3fb-f38d-4d96-ae05-bdbeca8fdd3d	1b85962a-e213-4f40-a0f7-75d80dbab5d2	f
d244eb93-82c7-4460-93df-76ce754a930c	4	Loved the atmosphere.		f	f	2026-04-17 19:32:00+00				4223895b-aa07-42c3-a090-a9deb20d497d	48ee7757-7b18-42fc-95b4-7a4208acebde	f3e01d0a-a0de-454d-9429-f10852851bc2	e4ad093c-3c23-491c-8b32-0fbc2ebece70	f
37d9ef92-bbaf-4453-8a49-b63f077df9ac	5			f	f	2026-04-17 19:32:00+00				4223895b-aa07-42c3-a090-a9deb20d497d	6da33048-bc93-4e58-8dda-f85bbaba7bfc	f3e01d0a-a0de-454d-9429-f10852851bc2	e4ad093c-3c23-491c-8b32-0fbc2ebece70	f
669fb9e6-4dcb-4f05-b6da-6d9eccbb20a9	4	Perfect as always.		f	f	2026-04-17 12:07:00+00				cb70957f-1f1d-4126-a1a0-188cd8d78681	48ee7757-7b18-42fc-95b4-7a4208acebde	aaf48504-fa3d-4cd4-ba68-93ce182eb289	e4ad093c-3c23-491c-8b32-0fbc2ebece70	f
6e9e4f1b-7ef0-4a7b-a596-d9a422aaf342	4			f	f	2026-04-17 12:07:00+00				cb70957f-1f1d-4126-a1a0-188cd8d78681	6da33048-bc93-4e58-8dda-f85bbaba7bfc	aaf48504-fa3d-4cd4-ba68-93ce182eb289	e4ad093c-3c23-491c-8b32-0fbc2ebece70	f
37d83010-70ef-4db0-800a-6b397d0f99b0	5	My order wasn't quite right but they fixed it quickly.		f	f	2026-04-17 16:41:00+00				cb70957f-1f1d-4126-a1a0-188cd8d78681	48ee7757-7b18-42fc-95b4-7a4208acebde	ae21896f-3352-421f-90bb-138377769e27	e4ad093c-3c23-491c-8b32-0fbc2ebece70	f
b6fa6420-685e-4fa4-8d0a-ea079bbe3146	5			f	f	2026-04-17 16:41:00+00				cb70957f-1f1d-4126-a1a0-188cd8d78681	6da33048-bc93-4e58-8dda-f85bbaba7bfc	ae21896f-3352-421f-90bb-138377769e27	e4ad093c-3c23-491c-8b32-0fbc2ebece70	f
10a85786-009e-47f0-9ed4-6248cb039d4c	5	Friendly staff, made my morning.		f	f	2026-04-17 13:48:00+00				cb70957f-1f1d-4126-a1a0-188cd8d78681	e4e47e42-3207-414c-9851-71bba8d3f33b	01d70ce6-2c03-4d81-89dd-98a7150ecdb1	1b85962a-e213-4f40-a0f7-75d80dbab5d2	f
78b6d658-bef2-4ac3-910f-e178b014bb48	4	The music was too loud.		f	f	2026-04-17 10:48:00+00				27a481f2-09aa-4c66-aea2-22ab5672c74e	48ee7757-7b18-42fc-95b4-7a4208acebde	01b67876-ff7b-4853-8337-3b07527e2c9b	e4ad093c-3c23-491c-8b32-0fbc2ebece70	f
54b24558-9174-4969-b53f-edaf695808ea	5			f	f	2026-04-17 10:48:00+00				27a481f2-09aa-4c66-aea2-22ab5672c74e	6da33048-bc93-4e58-8dda-f85bbaba7bfc	01b67876-ff7b-4853-8337-3b07527e2c9b	e4ad093c-3c23-491c-8b32-0fbc2ebece70	f
97c7c15a-609c-4128-a1a2-a1a7d71aeaed	4	Loved the atmosphere.		f	f	2026-04-18 13:00:00+00				4049a106-e6e2-43ba-b6da-e209b4fb2d5c	48ee7757-7b18-42fc-95b4-7a4208acebde	c4fd691e-90e6-471b-8761-3a3e2c8ef07f	e4ad093c-3c23-491c-8b32-0fbc2ebece70	f
b85aa0bc-34be-4627-a560-b8c73b452954	5			f	f	2026-04-18 13:00:00+00				4049a106-e6e2-43ba-b6da-e209b4fb2d5c	6da33048-bc93-4e58-8dda-f85bbaba7bfc	c4fd691e-90e6-471b-8761-3a3e2c8ef07f	e4ad093c-3c23-491c-8b32-0fbc2ebece70	f
049f743c-8fd6-4329-9289-39b95ff38fad	2	Really great service, will be back!		f	f	2026-04-18 13:38:00+00				4049a106-e6e2-43ba-b6da-e209b4fb2d5c	e4e47e42-3207-414c-9851-71bba8d3f33b	587f2cb8-c1b6-4678-a884-d1d09d9b4ab4	1b85962a-e213-4f40-a0f7-75d80dbab5d2	f
14e67cd0-5902-4deb-bf32-ba327480e066	5	Waited too long, expected better.		f	f	2026-04-18 17:09:00+00				4223895b-aa07-42c3-a090-a9deb20d497d	48ee7757-7b18-42fc-95b4-7a4208acebde	eafb2598-f5a1-44dc-8841-81a4ab0f3c4c	e4ad093c-3c23-491c-8b32-0fbc2ebece70	f
0d06ede8-b5f2-4f46-862a-e1868950f1a5	5			f	f	2026-04-18 17:09:00+00				4223895b-aa07-42c3-a090-a9deb20d497d	6da33048-bc93-4e58-8dda-f85bbaba7bfc	eafb2598-f5a1-44dc-8841-81a4ab0f3c4c	e4ad093c-3c23-491c-8b32-0fbc2ebece70	f
1148fda0-5aea-4847-ab2a-8bf658cf9883	4	A bit slow today but the coffee was excellent.		f	f	2026-04-18 07:54:00+00				4049a106-e6e2-43ba-b6da-e209b4fb2d5c	e4e47e42-3207-414c-9851-71bba8d3f33b	154233f9-1704-436b-a511-91dba3ba40b1	1b85962a-e213-4f40-a0f7-75d80dbab5d2	f
5113bba3-34d4-4a5f-ac89-ce88df7cc96f	5			f	f	2026-04-18 13:36:00+00				cb70957f-1f1d-4126-a1a0-188cd8d78681	e4e47e42-3207-414c-9851-71bba8d3f33b	6f482f39-66c3-456e-810e-52d99f5847f2	1b85962a-e213-4f40-a0f7-75d80dbab5d2	f
d3441298-7034-405c-8bfb-eefa034849b0	5			f	f	2026-04-18 20:23:00+00				cb70957f-1f1d-4126-a1a0-188cd8d78681	48ee7757-7b18-42fc-95b4-7a4208acebde	589794f7-678d-46d2-a116-a6850f060af3	e4ad093c-3c23-491c-8b32-0fbc2ebece70	f
ff8f5459-2e73-458b-bc12-1851d3ecf841	3			f	f	2026-04-18 20:23:00+00				cb70957f-1f1d-4126-a1a0-188cd8d78681	6da33048-bc93-4e58-8dda-f85bbaba7bfc	589794f7-678d-46d2-a116-a6850f060af3	e4ad093c-3c23-491c-8b32-0fbc2ebece70	f
04dcf953-0430-460c-8eb2-fdf710eb043e	4			f	f	2026-04-18 08:42:00+00				4223895b-aa07-42c3-a090-a9deb20d497d	e4e47e42-3207-414c-9851-71bba8d3f33b	1e95c4d0-587b-4adb-9d2c-4dc7a9d322f4	1b85962a-e213-4f40-a0f7-75d80dbab5d2	f
b6f22b79-69f5-4460-99a9-12e29c5ed67d	4	The seating area was a bit messy.		f	f	2026-04-18 21:32:00+00				4223895b-aa07-42c3-a090-a9deb20d497d	e4e47e42-3207-414c-9851-71bba8d3f33b	dcc661f1-95ca-40e6-809d-5e8e9e842b45	1b85962a-e213-4f40-a0f7-75d80dbab5d2	f
4e3b6814-ddc4-4f33-b39a-354b522d1658	4	Loved the atmosphere.		f	f	2026-04-18 14:14:00+00				27a481f2-09aa-4c66-aea2-22ab5672c74e	48ee7757-7b18-42fc-95b4-7a4208acebde	5a5c3b72-490e-4e3b-b888-377f8c7f8d80	e4ad093c-3c23-491c-8b32-0fbc2ebece70	f
17a8925f-ff86-49dd-aec2-4151f219410f	3			f	f	2026-04-18 14:14:00+00				27a481f2-09aa-4c66-aea2-22ab5672c74e	6da33048-bc93-4e58-8dda-f85bbaba7bfc	5a5c3b72-490e-4e3b-b888-377f8c7f8d80	e4ad093c-3c23-491c-8b32-0fbc2ebece70	f
85af2dd2-8ba0-4c1f-9e2e-4686a5da855d	2	Perfect as always.		f	f	2026-04-18 21:26:00+00				cb70957f-1f1d-4126-a1a0-188cd8d78681	e4e47e42-3207-414c-9851-71bba8d3f33b	21a4b964-6234-4395-bc30-51464fc3ce7a	1b85962a-e213-4f40-a0f7-75d80dbab5d2	f
0db934ea-9a2a-4f74-8bda-9f151ac28432	4	My order wasn't quite right but they fixed it quickly.		f	f	2026-04-18 14:57:00+00				27a481f2-09aa-4c66-aea2-22ab5672c74e	e4e47e42-3207-414c-9851-71bba8d3f33b	d7959279-35be-492a-920c-7ed74e728508	1b85962a-e213-4f40-a0f7-75d80dbab5d2	f
f946a388-eb33-4214-9df7-8a85bf6ef17a	5	Best espresso in town.		f	f	2026-04-18 20:21:00+00				27a481f2-09aa-4c66-aea2-22ab5672c74e	48ee7757-7b18-42fc-95b4-7a4208acebde	4b8c98ec-ba25-43ab-b6e1-738a41364d7c	e4ad093c-3c23-491c-8b32-0fbc2ebece70	f
11f90880-a440-4186-8bb4-93c7801e1290	3			f	f	2026-04-18 20:21:00+00				27a481f2-09aa-4c66-aea2-22ab5672c74e	6da33048-bc93-4e58-8dda-f85bbaba7bfc	4b8c98ec-ba25-43ab-b6e1-738a41364d7c	e4ad093c-3c23-491c-8b32-0fbc2ebece70	f
aa85ccdb-b3a1-480e-b124-661fa7b4e75f	4			f	f	2026-04-18 07:14:00+00				cb70957f-1f1d-4126-a1a0-188cd8d78681	e4e47e42-3207-414c-9851-71bba8d3f33b	3ca67ca0-6a0a-4828-a16d-011d84fefd13	1b85962a-e213-4f40-a0f7-75d80dbab5d2	f
911dc08f-cf9d-467d-9ea4-87b72c6923fc	5	Really great service, will be back!		f	f	2026-04-18 17:22:00+00				cb70957f-1f1d-4126-a1a0-188cd8d78681	48ee7757-7b18-42fc-95b4-7a4208acebde	3e8ed991-8293-4b96-8c6f-c04b0a9cd3f4	e4ad093c-3c23-491c-8b32-0fbc2ebece70	f
57257cde-b2c4-4cf7-a5a2-cda74fd39b12	4			f	f	2026-04-18 17:22:00+00				cb70957f-1f1d-4126-a1a0-188cd8d78681	6da33048-bc93-4e58-8dda-f85bbaba7bfc	3e8ed991-8293-4b96-8c6f-c04b0a9cd3f4	e4ad093c-3c23-491c-8b32-0fbc2ebece70	f
db35235c-61eb-4b73-a360-9daaded6de48	2			f	f	2026-04-18 11:42:00+00				27a481f2-09aa-4c66-aea2-22ab5672c74e	e4e47e42-3207-414c-9851-71bba8d3f33b	ffee0b20-a64b-4c49-b92a-e0224cc59389	1b85962a-e213-4f40-a0f7-75d80dbab5d2	f
dde70a6f-4b2e-44e7-80c0-c066dd27efeb	3	Waited too long, expected better.		f	f	2026-04-18 11:42:00+00				4049a106-e6e2-43ba-b6da-e209b4fb2d5c	e4e47e42-3207-414c-9851-71bba8d3f33b	7cb0ef9a-9fc8-4e6e-9321-5dc10d0e60cc	1b85962a-e213-4f40-a0f7-75d80dbab5d2	f
93d43e5f-730b-4fc0-9c46-56c679d29d29	5	A bit slow today but the coffee was excellent.		f	f	2026-04-18 21:18:00+00				4223895b-aa07-42c3-a090-a9deb20d497d	48ee7757-7b18-42fc-95b4-7a4208acebde	44daf2f7-5319-4407-a553-4acb0fe452bd	e4ad093c-3c23-491c-8b32-0fbc2ebece70	f
d81f3942-80a8-49bc-9973-8dc64f50d266	4			f	f	2026-04-18 21:18:00+00				4223895b-aa07-42c3-a090-a9deb20d497d	6da33048-bc93-4e58-8dda-f85bbaba7bfc	44daf2f7-5319-4407-a553-4acb0fe452bd	e4ad093c-3c23-491c-8b32-0fbc2ebece70	f
c02ff7b0-6c0b-4411-97bb-57d793f12e45	2			f	f	2026-04-18 21:18:00+00				27a481f2-09aa-4c66-aea2-22ab5672c74e	e4e47e42-3207-414c-9851-71bba8d3f33b	447a79c7-734f-40c3-80ed-4216dc631f8a	1b85962a-e213-4f40-a0f7-75d80dbab5d2	f
b6c265f2-8499-43df-802e-1e5e88375aa7	3			f	f	2026-04-18 12:00:00+00				4223895b-aa07-42c3-a090-a9deb20d497d	48ee7757-7b18-42fc-95b4-7a4208acebde	43bb7a9a-5fb3-4848-881c-07f0173f468e	e4ad093c-3c23-491c-8b32-0fbc2ebece70	f
48d13f23-fc3a-476a-a5ff-561ee15e0b9d	5			f	f	2026-04-18 12:00:00+00				4223895b-aa07-42c3-a090-a9deb20d497d	6da33048-bc93-4e58-8dda-f85bbaba7bfc	43bb7a9a-5fb3-4848-881c-07f0173f468e	e4ad093c-3c23-491c-8b32-0fbc2ebece70	f
aa6952f6-2006-4d1b-ba5d-198af0c751d5	4	My order wasn't quite right but they fixed it quickly.		f	f	2026-04-19 20:51:00+00				4223895b-aa07-42c3-a090-a9deb20d497d	e4e47e42-3207-414c-9851-71bba8d3f33b	9f248744-28fb-4bb5-bb97-e504d2d1231d	1b85962a-e213-4f40-a0f7-75d80dbab5d2	f
24c3cc92-9043-4507-9add-3539617a3f35	4	Friendly staff, made my morning.		f	f	2026-04-19 10:31:00+00				4223895b-aa07-42c3-a090-a9deb20d497d	e4e47e42-3207-414c-9851-71bba8d3f33b	8de38daf-69d1-48e9-91ec-8026be56344a	1b85962a-e213-4f40-a0f7-75d80dbab5d2	f
2b07f3d8-f30c-4fcb-8bbd-5d82005393ec	5	Really great service, will be back!		f	f	2026-04-19 07:19:00+00				4049a106-e6e2-43ba-b6da-e209b4fb2d5c	e4e47e42-3207-414c-9851-71bba8d3f33b	21675d86-51e2-4907-a5a2-683aca6f0bad	1b85962a-e213-4f40-a0f7-75d80dbab5d2	f
779cd99e-642f-4b03-aed1-ccee1c1c72cc	4			f	f	2026-04-19 12:36:00+00				cb70957f-1f1d-4126-a1a0-188cd8d78681	e4e47e42-3207-414c-9851-71bba8d3f33b	350c8548-a00c-497a-b606-d9484d34298b	1b85962a-e213-4f40-a0f7-75d80dbab5d2	f
4fdbbae8-730c-45b9-a03d-de72d53ec127	5	Best espresso in town.		f	f	2026-04-19 11:58:00+00				cb70957f-1f1d-4126-a1a0-188cd8d78681	e4e47e42-3207-414c-9851-71bba8d3f33b	b239d35c-c169-41e6-869a-f4e523c98877	1b85962a-e213-4f40-a0f7-75d80dbab5d2	f
1c51d52a-ef1a-456f-90db-43119f0ac406	5	Friendly staff, made my morning.		f	f	2026-04-19 09:57:00+00				4223895b-aa07-42c3-a090-a9deb20d497d	48ee7757-7b18-42fc-95b4-7a4208acebde	048d6259-e3c5-48db-a343-eeedee364f50	e4ad093c-3c23-491c-8b32-0fbc2ebece70	f
03fcb4f1-cc87-4be9-b8f3-46be9b15a464	5			f	f	2026-04-19 09:57:00+00				4223895b-aa07-42c3-a090-a9deb20d497d	6da33048-bc93-4e58-8dda-f85bbaba7bfc	048d6259-e3c5-48db-a343-eeedee364f50	e4ad093c-3c23-491c-8b32-0fbc2ebece70	f
73ee0965-d53d-4a09-a7f2-6f81c166037a	4	Loved the atmosphere.		f	f	2026-04-19 19:59:00+00				4223895b-aa07-42c3-a090-a9deb20d497d	e4e47e42-3207-414c-9851-71bba8d3f33b	efada8be-759f-42e6-b545-8348b86caee2	1b85962a-e213-4f40-a0f7-75d80dbab5d2	f
c086dd9d-f4c0-4891-a4a7-9ae40e796990	4			f	f	2026-04-19 07:07:00+00				4223895b-aa07-42c3-a090-a9deb20d497d	e4e47e42-3207-414c-9851-71bba8d3f33b	c2f3c7ea-e922-4bec-86b5-6ecdeb56abf7	1b85962a-e213-4f40-a0f7-75d80dbab5d2	f
0fc23fc6-636b-4506-b6cb-520381ba39a9	5	The music was too loud.		f	f	2026-04-19 10:34:00+00				cb70957f-1f1d-4126-a1a0-188cd8d78681	e4e47e42-3207-414c-9851-71bba8d3f33b	51e43867-bfca-45cd-bac5-b11a793771dd	1b85962a-e213-4f40-a0f7-75d80dbab5d2	f
82c263ab-56fc-41b0-ba81-96daeab9109b	4	A bit slow today but the coffee was excellent.		f	f	2026-04-19 19:45:00+00				4223895b-aa07-42c3-a090-a9deb20d497d	48ee7757-7b18-42fc-95b4-7a4208acebde	b7389c85-e5b1-42f3-be56-9455efd179b7	e4ad093c-3c23-491c-8b32-0fbc2ebece70	f
55636a53-4cc0-490d-9446-1b56cc74f4a8	4			f	f	2026-04-19 19:45:00+00				4223895b-aa07-42c3-a090-a9deb20d497d	6da33048-bc93-4e58-8dda-f85bbaba7bfc	b7389c85-e5b1-42f3-be56-9455efd179b7	e4ad093c-3c23-491c-8b32-0fbc2ebece70	f
3d88acd2-d5df-4edf-a3e7-4d7b5e60114d	3	Really great service, will be back!		f	f	2026-04-19 18:12:00+00				cb70957f-1f1d-4126-a1a0-188cd8d78681	e4e47e42-3207-414c-9851-71bba8d3f33b	540a9032-f8ba-4299-9f0d-1e2f48d10c13	1b85962a-e213-4f40-a0f7-75d80dbab5d2	f
3157ed76-5860-402f-8f2c-9a2aa96a69f2	5	Waited too long, expected better.		f	f	2026-04-19 17:40:00+00				cb70957f-1f1d-4126-a1a0-188cd8d78681	48ee7757-7b18-42fc-95b4-7a4208acebde	1b5895a8-8564-49ad-a38d-754160032fe6	e4ad093c-3c23-491c-8b32-0fbc2ebece70	f
80d710d7-8dce-4ce5-a115-1fea541ed5a4	5			f	f	2026-04-19 17:40:00+00				cb70957f-1f1d-4126-a1a0-188cd8d78681	6da33048-bc93-4e58-8dda-f85bbaba7bfc	1b5895a8-8564-49ad-a38d-754160032fe6	e4ad093c-3c23-491c-8b32-0fbc2ebece70	f
90cf3820-f776-4e1c-9eff-e1e6dc157e76	4	Waited too long, expected better.		f	f	2026-04-19 17:32:00+00				4223895b-aa07-42c3-a090-a9deb20d497d	48ee7757-7b18-42fc-95b4-7a4208acebde	1e8e77a0-4948-40c6-80e9-324e2b7e93e5	e4ad093c-3c23-491c-8b32-0fbc2ebece70	f
05f173f9-4a80-44b7-a3f6-3d0e2109b4de	4			f	f	2026-04-19 17:32:00+00				4223895b-aa07-42c3-a090-a9deb20d497d	6da33048-bc93-4e58-8dda-f85bbaba7bfc	1e8e77a0-4948-40c6-80e9-324e2b7e93e5	e4ad093c-3c23-491c-8b32-0fbc2ebece70	f
60215675-aa94-401d-95bd-120a9153f884	4			f	f	2026-04-19 08:49:00+00				cb70957f-1f1d-4126-a1a0-188cd8d78681	e4e47e42-3207-414c-9851-71bba8d3f33b	2f2c4461-872b-4f58-a5c4-0f2c8f8cf10e	1b85962a-e213-4f40-a0f7-75d80dbab5d2	f
2c8c4794-973b-4133-8259-720824b5e640	5	Really great service, will be back!		f	f	2026-04-19 17:54:00+00				cb70957f-1f1d-4126-a1a0-188cd8d78681	e4e47e42-3207-414c-9851-71bba8d3f33b	cafc4346-9091-461b-9076-c4b88981ce13	1b85962a-e213-4f40-a0f7-75d80dbab5d2	f
35139a9d-b71a-4906-b5bd-838afda2f1b0	1	Really great service, will be back!		f	f	2026-04-19 18:42:00+00				4049a106-e6e2-43ba-b6da-e209b4fb2d5c	48ee7757-7b18-42fc-95b4-7a4208acebde	0226f517-2f91-4d6f-9e2b-6330e2f1a30c	e4ad093c-3c23-491c-8b32-0fbc2ebece70	f
c29d1611-086e-461a-bf7b-8dfbfa29acd5	4			f	f	2026-04-19 18:42:00+00				4049a106-e6e2-43ba-b6da-e209b4fb2d5c	6da33048-bc93-4e58-8dda-f85bbaba7bfc	0226f517-2f91-4d6f-9e2b-6330e2f1a30c	e4ad093c-3c23-491c-8b32-0fbc2ebece70	f
076d9ccd-8ab2-4e70-8796-753c9ac0c0e2	2	Really great service, will be back!		f	f	2026-04-19 17:49:00+00				4049a106-e6e2-43ba-b6da-e209b4fb2d5c	e4e47e42-3207-414c-9851-71bba8d3f33b	30fcf6bf-4318-44f4-ab19-1eb7070b4797	1b85962a-e213-4f40-a0f7-75d80dbab5d2	f
c1d5de7f-6953-4391-b264-36f48e2f3c29	3	My order wasn't quite right but they fixed it quickly.		f	f	2026-04-19 20:48:00+00				4049a106-e6e2-43ba-b6da-e209b4fb2d5c	48ee7757-7b18-42fc-95b4-7a4208acebde	4cae11f6-dad5-4a86-ad2b-65f41786d784	e4ad093c-3c23-491c-8b32-0fbc2ebece70	f
9defefe9-e620-4216-bec8-f54dd979cf86	1			f	f	2026-04-19 20:48:00+00				4049a106-e6e2-43ba-b6da-e209b4fb2d5c	6da33048-bc93-4e58-8dda-f85bbaba7bfc	4cae11f6-dad5-4a86-ad2b-65f41786d784	e4ad093c-3c23-491c-8b32-0fbc2ebece70	f
43c56c14-35e4-4dfd-88a3-23975057e3ee	4	A bit slow today but the coffee was excellent.		f	f	2026-04-19 15:17:00+00				4049a106-e6e2-43ba-b6da-e209b4fb2d5c	e4e47e42-3207-414c-9851-71bba8d3f33b	40316d23-b326-443c-9535-eac498727b4d	1b85962a-e213-4f40-a0f7-75d80dbab5d2	f
9fff14ed-b3f0-478d-90bd-a7096b0aa587	3	The music was too loud.		f	f	2026-04-19 19:16:00+00				4049a106-e6e2-43ba-b6da-e209b4fb2d5c	e4e47e42-3207-414c-9851-71bba8d3f33b	b4b59c7e-ff50-4ec8-a3fc-67f7dbd0332b	1b85962a-e213-4f40-a0f7-75d80dbab5d2	f
328f47c8-9d22-44ae-97f8-19b4615338fc	5	The music was too loud.		f	f	2026-04-19 21:36:00+00				4223895b-aa07-42c3-a090-a9deb20d497d	e4e47e42-3207-414c-9851-71bba8d3f33b	53e63c51-2ae0-456e-980f-bca0bd925b32	1b85962a-e213-4f40-a0f7-75d80dbab5d2	f
9d3ed071-e491-487a-906d-3ebaa09894d4	3	The seating area was a bit messy.		f	f	2026-04-19 14:06:00+00				27a481f2-09aa-4c66-aea2-22ab5672c74e	e4e47e42-3207-414c-9851-71bba8d3f33b	5d92c4e9-d0e2-4c9c-a4dd-380f80afd7a3	1b85962a-e213-4f40-a0f7-75d80dbab5d2	f
23c35441-0fc2-4aa7-bb0f-57ab0ec1a5da	5	Waited too long, expected better.		f	f	2026-04-19 08:06:00+00				27a481f2-09aa-4c66-aea2-22ab5672c74e	48ee7757-7b18-42fc-95b4-7a4208acebde	ba5c7640-5143-4a6a-8ccf-77dd94bf9411	e4ad093c-3c23-491c-8b32-0fbc2ebece70	f
0209f936-4e25-4d83-9d9d-a884e306c5d2	3			f	f	2026-04-19 08:06:00+00				27a481f2-09aa-4c66-aea2-22ab5672c74e	6da33048-bc93-4e58-8dda-f85bbaba7bfc	ba5c7640-5143-4a6a-8ccf-77dd94bf9411	e4ad093c-3c23-491c-8b32-0fbc2ebece70	f
742b77c6-12cf-4260-ba94-d3bd00aea220	3			f	f	2026-04-19 18:11:00+00				27a481f2-09aa-4c66-aea2-22ab5672c74e	e4e47e42-3207-414c-9851-71bba8d3f33b	3fe1fbe5-8e49-44b5-aff8-fb7755a11ff1	1b85962a-e213-4f40-a0f7-75d80dbab5d2	f
a6be421a-459d-4784-a420-474b74e43dc0	4			f	f	2026-04-19 18:14:00+00				cb70957f-1f1d-4126-a1a0-188cd8d78681	e4e47e42-3207-414c-9851-71bba8d3f33b	00b23912-5dba-4b12-9dc4-3aa9f4f796d1	1b85962a-e213-4f40-a0f7-75d80dbab5d2	f
\.


--
-- Data for Name: survey_surveyset; Type: TABLE DATA; Schema: public; Owner: -
--

COPY public.survey_surveyset (id, name, comments_enabled, comments_prompt, alert_threshold, created_at, organization_id, review_redirect_enabled, review_redirect_url) FROM stdin;
fc58e7b7-4f18-48d0-84b7-3be97cac8993		t	Any additional feedback?	2	2026-04-04 22:14:53.554551+00	02421dbc-9a6b-49fc-9702-7ade5a3f9d7b	f	
48c999b2-335e-4af8-878e-6173e1436089		t	Any additional feedback?	2	2026-04-04 22:14:53.575344+00	02421dbc-9a6b-49fc-9702-7ade5a3f9d7b	f	
50859d24-73eb-44dd-aa19-af5f591fbc4a		t	Any additional feedback?	2	2026-04-04 22:14:53.592894+00	02421dbc-9a6b-49fc-9702-7ade5a3f9d7b	f	
f3ac9370-74c1-483f-a18d-4b0bd09bf85c		t	Any additional feedback?	2	2026-04-04 22:14:53.610334+00	\N	f	
af630d83-642e-4de2-a841-dc03597aaf18		t	Any additional feedback?	2	2026-04-04 22:14:53.627285+00	859305a8-ea0e-4778-8d1c-f4a1c548bebf	f	
7b6f627f-c647-4a6f-99b7-669b7c5d53ae		t	Any additional feedback?	2	2026-04-04 22:14:53.644859+00	859305a8-ea0e-4778-8d1c-f4a1c548bebf	f	
ea28208d-1532-4d6d-a6fd-8882ccf68b8a		t	Any additional feedback?	2	2026-04-04 22:14:53.662321+00	859305a8-ea0e-4778-8d1c-f4a1c548bebf	f	
eaf29850-2cb8-46c9-b11a-966ca1dc1739		t	Any additional feedback?	2	2026-04-04 22:14:53.680541+00	859305a8-ea0e-4778-8d1c-f4a1c548bebf	f	
3b52b631-f66d-4bc2-a3eb-c17378188302		t	Any additional feedback?	2	2026-04-04 22:14:53.697229+00	\N	f	
0dd8b9fd-936d-4342-b1f2-ce4922bd5a65	My new multi question survey	t	Any additional feedback?	2	2026-04-04 22:18:01.729832+00	\N	f	
55582f03-6f07-48f1-9e8a-f7d48015f28c	Blah	f	Any additional feedback?	2	2026-04-05 21:05:06.7803+00	190ac72e-492b-4b74-a372-c7c255795de2	f	
1a6c3f93-9bcd-4d11-a508-605b204da775	Repair complete	t	Any additional feedback?	2	2026-04-05 22:05:48.607452+00	d8dc58ce-e229-45cf-b0ef-7a4d1dc504b9	f	
e4ad093c-3c23-491c-8b32-0fbc2ebece70	General Experience	t	Tell us more…	2	2026-04-20 19:40:36.197521+00	e31be592-717c-40be-b995-3c876950dda6	f	
1b85962a-e213-4f40-a0f7-75d80dbab5d2	Quick Check-in	f		2	2026-04-20 19:40:36.31944+00	e31be592-717c-40be-b995-3c876950dda6	f	
f3cf2ff7-dfcd-499f-9a5b-4d4a288b4461	My new survey	t	Any additional feedback?	2	2026-04-21 02:35:33.752223+00	05676a21-29a4-4d44-be49-cf625c5acc75	f	
d4aab498-ace9-4d7e-84c2-f728734bc203	Survey 1	f	Any additional feedback?	2	2026-04-20 21:34:21.069903+00	7d2295b6-4a07-4e94-b505-3a0f51285f37	t	https://badfish.com
\.


--
-- Data for Name: survey_user; Type: TABLE DATA; Schema: public; Owner: -
--

COPY public.survey_user (password, last_login, is_superuser, username, first_name, last_name, email, is_staff, is_active, date_joined, id, role, organization_id) FROM stdin;
pbkdf2_sha256$1200000$nVQ8cc7gfbnUZ7XWrEpfqi$uuvBvLcfDP+n2P28IHJv+4QCWUuLoFyWdd14KEadRfw=	\N	f	dbegin@vendettimotors.com	Douglas	Begin	dbegin@vendettimotors.com	f	t	2026-04-05 19:30:00.744727+00	67ea4a91-78f8-4bf8-8442-c3958cbb201b	owner	d8dc58ce-e229-45cf-b0ef-7a4d1dc504b9
pbkdf2_sha256$1200000$QEmmcKQQRoQomDqKKhmLTT$5XDkIC4i1xbuwou2l+bssQl0LZDskhflStActeq0byI=	\N	f	scott@providencemusicgrp.com	Scott	Begin	scott@providencemusicgrp.com	f	t	2026-04-06 23:45:43.089479+00	5da9b173-4e32-44f8-8658-05cce750adc7	owner	18554e79-60ec-4e33-8707-4877c5b91b24
pbkdf2_sha256$1200000$3y69IFWt8CllHNEtyEWoem$+/CY0eaINSUfNUynPZ966piSbotWCTK0dxjjl11caE8=	\N	f	srbegin@gmail.com	Zigmond	Coffey	srbegin@gmail.com	f	t	2026-04-17 00:04:51.606092+00	cbc8b7d0-31d9-40c3-b010-921dc54a7620	owner	e0b79e74-91dd-42a4-85a3-ae69b822ed10
pbkdf2_sha256$1200000$8sHIg2nnYskZndeoYbuyvl$gt5vcHAZeLESBNo74DLC79yGUzds5YrmrS5CKfdNrDE=	\N	f	test@test.com	Test	User	test@test.com	f	t	2026-04-07 15:32:00.435106+00	a75a8c43-f736-467a-bb0f-b20eeb0e7cb0	owner	e31be592-717c-40be-b995-3c876950dda6
pbkdf2_sha256$1200000$GXMa9ttJx7VODtyyCjmaps$eB+hqkfOoq4eLQbY74GRMk3dy+J0rzsc+ZY+oDbigCE=	\N	f	scott@a.com	Scott	Begin	scott@a.com	f	t	2026-04-20 21:33:23.915607+00	79737fb7-c847-4b82-a721-452bcca35a43	owner	7d2295b6-4a07-4e94-b505-3a0f51285f37
pbkdf2_sha256$1200000$cFsz9CkJk7qRS8u2AWq1Kn$GuwL3Db0CEp4MxyQe9tMmY815kAnLbCOzIl7I9f7OcQ=	2026-04-21 02:17:52.539906+00	t	scottbegin			scottbegin@outlook.com	t	t	2026-03-23 11:40:57.42505+00	3e446ae5-57b7-4093-8776-93576630f823	owner	05676a21-29a4-4d44-be49-cf625c5acc75
\.


--
-- Data for Name: survey_user_groups; Type: TABLE DATA; Schema: public; Owner: -
--

COPY public.survey_user_groups (id, user_id, group_id) FROM stdin;
\.


--
-- Data for Name: survey_user_user_permissions; Type: TABLE DATA; Schema: public; Owner: -
--

COPY public.survey_user_user_permissions (id, user_id, permission_id) FROM stdin;
\.


--
-- Name: account_emailaddress_id_seq; Type: SEQUENCE SET; Schema: public; Owner: -
--

SELECT pg_catalog.setval('public.account_emailaddress_id_seq', 1, false);


--
-- Name: account_emailconfirmation_id_seq; Type: SEQUENCE SET; Schema: public; Owner: -
--

SELECT pg_catalog.setval('public.account_emailconfirmation_id_seq', 1, false);


--
-- Name: auth_group_id_seq; Type: SEQUENCE SET; Schema: public; Owner: -
--

SELECT pg_catalog.setval('public.auth_group_id_seq', 1, false);


--
-- Name: auth_group_permissions_id_seq; Type: SEQUENCE SET; Schema: public; Owner: -
--

SELECT pg_catalog.setval('public.auth_group_permissions_id_seq', 1, false);


--
-- Name: auth_permission_id_seq; Type: SEQUENCE SET; Schema: public; Owner: -
--

SELECT pg_catalog.setval('public.auth_permission_id_seq', 84, true);


--
-- Name: django_admin_log_id_seq; Type: SEQUENCE SET; Schema: public; Owner: -
--

SELECT pg_catalog.setval('public.django_admin_log_id_seq', 9, true);


--
-- Name: django_content_type_id_seq; Type: SEQUENCE SET; Schema: public; Owner: -
--

SELECT pg_catalog.setval('public.django_content_type_id_seq', 21, true);


--
-- Name: django_migrations_id_seq; Type: SEQUENCE SET; Schema: public; Owner: -
--

SELECT pg_catalog.setval('public.django_migrations_id_seq', 44, true);


--
-- Name: django_site_id_seq; Type: SEQUENCE SET; Schema: public; Owner: -
--

SELECT pg_catalog.setval('public.django_site_id_seq', 1, true);


--
-- Name: socialaccount_socialaccount_id_seq; Type: SEQUENCE SET; Schema: public; Owner: -
--

SELECT pg_catalog.setval('public.socialaccount_socialaccount_id_seq', 1, false);


--
-- Name: socialaccount_socialapp_id_seq; Type: SEQUENCE SET; Schema: public; Owner: -
--

SELECT pg_catalog.setval('public.socialaccount_socialapp_id_seq', 1, false);


--
-- Name: socialaccount_socialapp_sites_id_seq; Type: SEQUENCE SET; Schema: public; Owner: -
--

SELECT pg_catalog.setval('public.socialaccount_socialapp_sites_id_seq', 1, false);


--
-- Name: socialaccount_socialtoken_id_seq; Type: SEQUENCE SET; Schema: public; Owner: -
--

SELECT pg_catalog.setval('public.socialaccount_socialtoken_id_seq', 1, false);


--
-- Name: survey_user_groups_id_seq; Type: SEQUENCE SET; Schema: public; Owner: -
--

SELECT pg_catalog.setval('public.survey_user_groups_id_seq', 1, false);


--
-- Name: survey_user_user_permissions_id_seq; Type: SEQUENCE SET; Schema: public; Owner: -
--

SELECT pg_catalog.setval('public.survey_user_user_permissions_id_seq', 1, false);


--
-- Name: account_emailaddress account_emailaddress_pkey; Type: CONSTRAINT; Schema: public; Owner: -
--

ALTER TABLE ONLY public.account_emailaddress
    ADD CONSTRAINT account_emailaddress_pkey PRIMARY KEY (id);


--
-- Name: account_emailaddress account_emailaddress_user_id_email_987c8728_uniq; Type: CONSTRAINT; Schema: public; Owner: -
--

ALTER TABLE ONLY public.account_emailaddress
    ADD CONSTRAINT account_emailaddress_user_id_email_987c8728_uniq UNIQUE (user_id, email);


--
-- Name: account_emailconfirmation account_emailconfirmation_key_key; Type: CONSTRAINT; Schema: public; Owner: -
--

ALTER TABLE ONLY public.account_emailconfirmation
    ADD CONSTRAINT account_emailconfirmation_key_key UNIQUE (key);


--
-- Name: account_emailconfirmation account_emailconfirmation_pkey; Type: CONSTRAINT; Schema: public; Owner: -
--

ALTER TABLE ONLY public.account_emailconfirmation
    ADD CONSTRAINT account_emailconfirmation_pkey PRIMARY KEY (id);


--
-- Name: auth_group auth_group_name_key; Type: CONSTRAINT; Schema: public; Owner: -
--

ALTER TABLE ONLY public.auth_group
    ADD CONSTRAINT auth_group_name_key UNIQUE (name);


--
-- Name: auth_group_permissions auth_group_permissions_group_id_permission_id_0cd325b0_uniq; Type: CONSTRAINT; Schema: public; Owner: -
--

ALTER TABLE ONLY public.auth_group_permissions
    ADD CONSTRAINT auth_group_permissions_group_id_permission_id_0cd325b0_uniq UNIQUE (group_id, permission_id);


--
-- Name: auth_group_permissions auth_group_permissions_pkey; Type: CONSTRAINT; Schema: public; Owner: -
--

ALTER TABLE ONLY public.auth_group_permissions
    ADD CONSTRAINT auth_group_permissions_pkey PRIMARY KEY (id);


--
-- Name: auth_group auth_group_pkey; Type: CONSTRAINT; Schema: public; Owner: -
--

ALTER TABLE ONLY public.auth_group
    ADD CONSTRAINT auth_group_pkey PRIMARY KEY (id);


--
-- Name: auth_permission auth_permission_content_type_id_codename_01ab375a_uniq; Type: CONSTRAINT; Schema: public; Owner: -
--

ALTER TABLE ONLY public.auth_permission
    ADD CONSTRAINT auth_permission_content_type_id_codename_01ab375a_uniq UNIQUE (content_type_id, codename);


--
-- Name: auth_permission auth_permission_pkey; Type: CONSTRAINT; Schema: public; Owner: -
--

ALTER TABLE ONLY public.auth_permission
    ADD CONSTRAINT auth_permission_pkey PRIMARY KEY (id);


--
-- Name: django_admin_log django_admin_log_pkey; Type: CONSTRAINT; Schema: public; Owner: -
--

ALTER TABLE ONLY public.django_admin_log
    ADD CONSTRAINT django_admin_log_pkey PRIMARY KEY (id);


--
-- Name: django_content_type django_content_type_app_label_model_76bd3d3b_uniq; Type: CONSTRAINT; Schema: public; Owner: -
--

ALTER TABLE ONLY public.django_content_type
    ADD CONSTRAINT django_content_type_app_label_model_76bd3d3b_uniq UNIQUE (app_label, model);


--
-- Name: django_content_type django_content_type_pkey; Type: CONSTRAINT; Schema: public; Owner: -
--

ALTER TABLE ONLY public.django_content_type
    ADD CONSTRAINT django_content_type_pkey PRIMARY KEY (id);


--
-- Name: django_migrations django_migrations_pkey; Type: CONSTRAINT; Schema: public; Owner: -
--

ALTER TABLE ONLY public.django_migrations
    ADD CONSTRAINT django_migrations_pkey PRIMARY KEY (id);


--
-- Name: django_session django_session_pkey; Type: CONSTRAINT; Schema: public; Owner: -
--

ALTER TABLE ONLY public.django_session
    ADD CONSTRAINT django_session_pkey PRIMARY KEY (session_key);


--
-- Name: django_site django_site_domain_a2e37b91_uniq; Type: CONSTRAINT; Schema: public; Owner: -
--

ALTER TABLE ONLY public.django_site
    ADD CONSTRAINT django_site_domain_a2e37b91_uniq UNIQUE (domain);


--
-- Name: django_site django_site_pkey; Type: CONSTRAINT; Schema: public; Owner: -
--

ALTER TABLE ONLY public.django_site
    ADD CONSTRAINT django_site_pkey PRIMARY KEY (id);


--
-- Name: socialaccount_socialaccount socialaccount_socialaccount_pkey; Type: CONSTRAINT; Schema: public; Owner: -
--

ALTER TABLE ONLY public.socialaccount_socialaccount
    ADD CONSTRAINT socialaccount_socialaccount_pkey PRIMARY KEY (id);


--
-- Name: socialaccount_socialaccount socialaccount_socialaccount_provider_uid_fc810c6e_uniq; Type: CONSTRAINT; Schema: public; Owner: -
--

ALTER TABLE ONLY public.socialaccount_socialaccount
    ADD CONSTRAINT socialaccount_socialaccount_provider_uid_fc810c6e_uniq UNIQUE (provider, uid);


--
-- Name: socialaccount_socialapp_sites socialaccount_socialapp__socialapp_id_site_id_71a9a768_uniq; Type: CONSTRAINT; Schema: public; Owner: -
--

ALTER TABLE ONLY public.socialaccount_socialapp_sites
    ADD CONSTRAINT socialaccount_socialapp__socialapp_id_site_id_71a9a768_uniq UNIQUE (socialapp_id, site_id);


--
-- Name: socialaccount_socialapp socialaccount_socialapp_pkey; Type: CONSTRAINT; Schema: public; Owner: -
--

ALTER TABLE ONLY public.socialaccount_socialapp
    ADD CONSTRAINT socialaccount_socialapp_pkey PRIMARY KEY (id);


--
-- Name: socialaccount_socialapp_sites socialaccount_socialapp_sites_pkey; Type: CONSTRAINT; Schema: public; Owner: -
--

ALTER TABLE ONLY public.socialaccount_socialapp_sites
    ADD CONSTRAINT socialaccount_socialapp_sites_pkey PRIMARY KEY (id);


--
-- Name: socialaccount_socialtoken socialaccount_socialtoken_app_id_account_id_fca4e0ac_uniq; Type: CONSTRAINT; Schema: public; Owner: -
--

ALTER TABLE ONLY public.socialaccount_socialtoken
    ADD CONSTRAINT socialaccount_socialtoken_app_id_account_id_fca4e0ac_uniq UNIQUE (app_id, account_id);


--
-- Name: socialaccount_socialtoken socialaccount_socialtoken_pkey; Type: CONSTRAINT; Schema: public; Owner: -
--

ALTER TABLE ONLY public.socialaccount_socialtoken
    ADD CONSTRAINT socialaccount_socialtoken_pkey PRIMARY KEY (id);


--
-- Name: survey_alert survey_alert_pkey; Type: CONSTRAINT; Schema: public; Owner: -
--

ALTER TABLE ONLY public.survey_alert
    ADD CONSTRAINT survey_alert_pkey PRIMARY KEY (id);


--
-- Name: survey_alert survey_alert_survey_response_id_key; Type: CONSTRAINT; Schema: public; Owner: -
--

ALTER TABLE ONLY public.survey_alert
    ADD CONSTRAINT survey_alert_survey_response_id_key UNIQUE (survey_response_id);


--
-- Name: survey_incentive survey_incentive_pkey; Type: CONSTRAINT; Schema: public; Owner: -
--

ALTER TABLE ONLY public.survey_incentive
    ADD CONSTRAINT survey_incentive_pkey PRIMARY KEY (id);


--
-- Name: survey_incentivewin survey_incentivewin_code_key; Type: CONSTRAINT; Schema: public; Owner: -
--

ALTER TABLE ONLY public.survey_incentivewin
    ADD CONSTRAINT survey_incentivewin_code_key UNIQUE (code);


--
-- Name: survey_incentivewin survey_incentivewin_pkey; Type: CONSTRAINT; Schema: public; Owner: -
--

ALTER TABLE ONLY public.survey_incentivewin
    ADD CONSTRAINT survey_incentivewin_pkey PRIMARY KEY (id);


--
-- Name: survey_location survey_location_pkey; Type: CONSTRAINT; Schema: public; Owner: -
--

ALTER TABLE ONLY public.survey_location
    ADD CONSTRAINT survey_location_pkey PRIMARY KEY (id);


--
-- Name: survey_nfctag survey_nfctag_pkey; Type: CONSTRAINT; Schema: public; Owner: -
--

ALTER TABLE ONLY public.survey_nfctag
    ADD CONSTRAINT survey_nfctag_pkey PRIMARY KEY (id);


--
-- Name: survey_organization survey_organization_pkey; Type: CONSTRAINT; Schema: public; Owner: -
--

ALTER TABLE ONLY public.survey_organization
    ADD CONSTRAINT survey_organization_pkey PRIMARY KEY (id);


--
-- Name: survey_organization survey_organization_slug_key; Type: CONSTRAINT; Schema: public; Owner: -
--

ALTER TABLE ONLY public.survey_organization
    ADD CONSTRAINT survey_organization_slug_key UNIQUE (slug);


--
-- Name: survey_survey survey_survey_pkey; Type: CONSTRAINT; Schema: public; Owner: -
--

ALTER TABLE ONLY public.survey_survey
    ADD CONSTRAINT survey_survey_pkey PRIMARY KEY (id);


--
-- Name: survey_surveyresponse survey_surveyresponse_pkey; Type: CONSTRAINT; Schema: public; Owner: -
--

ALTER TABLE ONLY public.survey_surveyresponse
    ADD CONSTRAINT survey_surveyresponse_pkey PRIMARY KEY (id);


--
-- Name: survey_surveyset survey_surveyset_pkey; Type: CONSTRAINT; Schema: public; Owner: -
--

ALTER TABLE ONLY public.survey_surveyset
    ADD CONSTRAINT survey_surveyset_pkey PRIMARY KEY (id);


--
-- Name: survey_user_groups survey_user_groups_pkey; Type: CONSTRAINT; Schema: public; Owner: -
--

ALTER TABLE ONLY public.survey_user_groups
    ADD CONSTRAINT survey_user_groups_pkey PRIMARY KEY (id);


--
-- Name: survey_user_groups survey_user_groups_user_id_group_id_045be08f_uniq; Type: CONSTRAINT; Schema: public; Owner: -
--

ALTER TABLE ONLY public.survey_user_groups
    ADD CONSTRAINT survey_user_groups_user_id_group_id_045be08f_uniq UNIQUE (user_id, group_id);


--
-- Name: survey_user survey_user_pkey; Type: CONSTRAINT; Schema: public; Owner: -
--

ALTER TABLE ONLY public.survey_user
    ADD CONSTRAINT survey_user_pkey PRIMARY KEY (id);


--
-- Name: survey_user_user_permissions survey_user_user_permiss_user_id_permission_id_52a4150a_uniq; Type: CONSTRAINT; Schema: public; Owner: -
--

ALTER TABLE ONLY public.survey_user_user_permissions
    ADD CONSTRAINT survey_user_user_permiss_user_id_permission_id_52a4150a_uniq UNIQUE (user_id, permission_id);


--
-- Name: survey_user_user_permissions survey_user_user_permissions_pkey; Type: CONSTRAINT; Schema: public; Owner: -
--

ALTER TABLE ONLY public.survey_user_user_permissions
    ADD CONSTRAINT survey_user_user_permissions_pkey PRIMARY KEY (id);


--
-- Name: survey_user survey_user_username_key; Type: CONSTRAINT; Schema: public; Owner: -
--

ALTER TABLE ONLY public.survey_user
    ADD CONSTRAINT survey_user_username_key UNIQUE (username);


--
-- Name: account_emailaddress_email_03be32b2; Type: INDEX; Schema: public; Owner: -
--

CREATE INDEX account_emailaddress_email_03be32b2 ON public.account_emailaddress USING btree (email);


--
-- Name: account_emailaddress_email_03be32b2_like; Type: INDEX; Schema: public; Owner: -
--

CREATE INDEX account_emailaddress_email_03be32b2_like ON public.account_emailaddress USING btree (email varchar_pattern_ops);


--
-- Name: account_emailaddress_user_id_2c513194; Type: INDEX; Schema: public; Owner: -
--

CREATE INDEX account_emailaddress_user_id_2c513194 ON public.account_emailaddress USING btree (user_id);


--
-- Name: account_emailconfirmation_email_address_id_5b7f8c58; Type: INDEX; Schema: public; Owner: -
--

CREATE INDEX account_emailconfirmation_email_address_id_5b7f8c58 ON public.account_emailconfirmation USING btree (email_address_id);


--
-- Name: account_emailconfirmation_key_f43612bd_like; Type: INDEX; Schema: public; Owner: -
--

CREATE INDEX account_emailconfirmation_key_f43612bd_like ON public.account_emailconfirmation USING btree (key varchar_pattern_ops);


--
-- Name: auth_group_name_a6ea08ec_like; Type: INDEX; Schema: public; Owner: -
--

CREATE INDEX auth_group_name_a6ea08ec_like ON public.auth_group USING btree (name varchar_pattern_ops);


--
-- Name: auth_group_permissions_group_id_b120cbf9; Type: INDEX; Schema: public; Owner: -
--

CREATE INDEX auth_group_permissions_group_id_b120cbf9 ON public.auth_group_permissions USING btree (group_id);


--
-- Name: auth_group_permissions_permission_id_84c5c92e; Type: INDEX; Schema: public; Owner: -
--

CREATE INDEX auth_group_permissions_permission_id_84c5c92e ON public.auth_group_permissions USING btree (permission_id);


--
-- Name: auth_permission_content_type_id_2f476e4b; Type: INDEX; Schema: public; Owner: -
--

CREATE INDEX auth_permission_content_type_id_2f476e4b ON public.auth_permission USING btree (content_type_id);


--
-- Name: django_admin_log_content_type_id_c4bce8eb; Type: INDEX; Schema: public; Owner: -
--

CREATE INDEX django_admin_log_content_type_id_c4bce8eb ON public.django_admin_log USING btree (content_type_id);


--
-- Name: django_admin_log_user_id_c564eba6; Type: INDEX; Schema: public; Owner: -
--

CREATE INDEX django_admin_log_user_id_c564eba6 ON public.django_admin_log USING btree (user_id);


--
-- Name: django_session_expire_date_a5c62663; Type: INDEX; Schema: public; Owner: -
--

CREATE INDEX django_session_expire_date_a5c62663 ON public.django_session USING btree (expire_date);


--
-- Name: django_session_session_key_c0390e0f_like; Type: INDEX; Schema: public; Owner: -
--

CREATE INDEX django_session_session_key_c0390e0f_like ON public.django_session USING btree (session_key varchar_pattern_ops);


--
-- Name: django_site_domain_a2e37b91_like; Type: INDEX; Schema: public; Owner: -
--

CREATE INDEX django_site_domain_a2e37b91_like ON public.django_site USING btree (domain varchar_pattern_ops);


--
-- Name: socialaccount_socialaccount_user_id_8146e70c; Type: INDEX; Schema: public; Owner: -
--

CREATE INDEX socialaccount_socialaccount_user_id_8146e70c ON public.socialaccount_socialaccount USING btree (user_id);


--
-- Name: socialaccount_socialapp_sites_site_id_2579dee5; Type: INDEX; Schema: public; Owner: -
--

CREATE INDEX socialaccount_socialapp_sites_site_id_2579dee5 ON public.socialaccount_socialapp_sites USING btree (site_id);


--
-- Name: socialaccount_socialapp_sites_socialapp_id_97fb6e7d; Type: INDEX; Schema: public; Owner: -
--

CREATE INDEX socialaccount_socialapp_sites_socialapp_id_97fb6e7d ON public.socialaccount_socialapp_sites USING btree (socialapp_id);


--
-- Name: socialaccount_socialtoken_account_id_951f210e; Type: INDEX; Schema: public; Owner: -
--

CREATE INDEX socialaccount_socialtoken_account_id_951f210e ON public.socialaccount_socialtoken USING btree (account_id);


--
-- Name: socialaccount_socialtoken_app_id_636a42d7; Type: INDEX; Schema: public; Owner: -
--

CREATE INDEX socialaccount_socialtoken_app_id_636a42d7 ON public.socialaccount_socialtoken USING btree (app_id);


--
-- Name: survey_alert_location_id_da250b7b; Type: INDEX; Schema: public; Owner: -
--

CREATE INDEX survey_alert_location_id_da250b7b ON public.survey_alert USING btree (location_id);


--
-- Name: survey_incentive_organization_id_462c9075; Type: INDEX; Schema: public; Owner: -
--

CREATE INDEX survey_incentive_organization_id_462c9075 ON public.survey_incentive USING btree (organization_id);


--
-- Name: survey_incentive_survey_set_id_f9cd8775; Type: INDEX; Schema: public; Owner: -
--

CREATE INDEX survey_incentive_survey_set_id_f9cd8775 ON public.survey_incentive USING btree (survey_set_id);


--
-- Name: survey_incentivewin_code_a49396a7_like; Type: INDEX; Schema: public; Owner: -
--

CREATE INDEX survey_incentivewin_code_a49396a7_like ON public.survey_incentivewin USING btree (code varchar_pattern_ops);


--
-- Name: survey_incentivewin_incentive_id_b2fb5d86; Type: INDEX; Schema: public; Owner: -
--

CREATE INDEX survey_incentivewin_incentive_id_b2fb5d86 ON public.survey_incentivewin USING btree (incentive_id);


--
-- Name: survey_incentivewin_redeemed_by_id_a5dfc862; Type: INDEX; Schema: public; Owner: -
--

CREATE INDEX survey_incentivewin_redeemed_by_id_a5dfc862 ON public.survey_incentivewin USING btree (redeemed_by_id);


--
-- Name: survey_incentivewin_survey_response_id_fb9e08f5; Type: INDEX; Schema: public; Owner: -
--

CREATE INDEX survey_incentivewin_survey_response_id_fb9e08f5 ON public.survey_incentivewin USING btree (survey_response_id);


--
-- Name: survey_loca_active_043c48_idx; Type: INDEX; Schema: public; Owner: -
--

CREATE INDEX survey_loca_active_043c48_idx ON public.survey_location USING btree (active);


--
-- Name: survey_location_organization_id_98dfa68a; Type: INDEX; Schema: public; Owner: -
--

CREATE INDEX survey_location_organization_id_98dfa68a ON public.survey_location USING btree (organization_id);


--
-- Name: survey_location_survey_set_id_e2f0742a; Type: INDEX; Schema: public; Owner: -
--

CREATE INDEX survey_location_survey_set_id_e2f0742a ON public.survey_location USING btree (survey_set_id);


--
-- Name: survey_nfctag_location_id_7a717467; Type: INDEX; Schema: public; Owner: -
--

CREATE INDEX survey_nfctag_location_id_7a717467 ON public.survey_nfctag USING btree (location_id);


--
-- Name: survey_nfctag_organization_id_b3573361; Type: INDEX; Schema: public; Owner: -
--

CREATE INDEX survey_nfctag_organization_id_b3573361 ON public.survey_nfctag USING btree (organization_id);


--
-- Name: survey_organization_slug_50e271fd_like; Type: INDEX; Schema: public; Owner: -
--

CREATE INDEX survey_organization_slug_50e271fd_like ON public.survey_organization USING btree (slug varchar_pattern_ops);


--
-- Name: survey_surv_created_265304_idx; Type: INDEX; Schema: public; Owner: -
--

CREATE INDEX survey_surv_created_265304_idx ON public.survey_surveyresponse USING btree (created_at);


--
-- Name: survey_surv_locatio_e77853_idx; Type: INDEX; Schema: public; Owner: -
--

CREATE INDEX survey_surv_locatio_e77853_idx ON public.survey_surveyresponse USING btree (location_id, created_at);


--
-- Name: survey_surv_rating_eae1fd_idx; Type: INDEX; Schema: public; Owner: -
--

CREATE INDEX survey_surv_rating_eae1fd_idx ON public.survey_surveyresponse USING btree (rating);


--
-- Name: survey_surv_session_d4f06b_idx; Type: INDEX; Schema: public; Owner: -
--

CREATE INDEX survey_surv_session_d4f06b_idx ON public.survey_surveyresponse USING btree (session_id);


--
-- Name: survey_survey_organization_id_0210e13b; Type: INDEX; Schema: public; Owner: -
--

CREATE INDEX survey_survey_organization_id_0210e13b ON public.survey_survey USING btree (organization_id);


--
-- Name: survey_survey_survey_set_id_46bebf60; Type: INDEX; Schema: public; Owner: -
--

CREATE INDEX survey_survey_survey_set_id_46bebf60 ON public.survey_survey USING btree (survey_set_id);


--
-- Name: survey_surveyresponse_location_id_09cd07d1; Type: INDEX; Schema: public; Owner: -
--

CREATE INDEX survey_surveyresponse_location_id_09cd07d1 ON public.survey_surveyresponse USING btree (location_id);


--
-- Name: survey_surveyresponse_session_id_8be23a7e; Type: INDEX; Schema: public; Owner: -
--

CREATE INDEX survey_surveyresponse_session_id_8be23a7e ON public.survey_surveyresponse USING btree (session_id);


--
-- Name: survey_surveyresponse_survey_id_9a5de89c; Type: INDEX; Schema: public; Owner: -
--

CREATE INDEX survey_surveyresponse_survey_id_9a5de89c ON public.survey_surveyresponse USING btree (survey_id);


--
-- Name: survey_surveyresponse_survey_set_id_fd9ae091; Type: INDEX; Schema: public; Owner: -
--

CREATE INDEX survey_surveyresponse_survey_set_id_fd9ae091 ON public.survey_surveyresponse USING btree (survey_set_id);


--
-- Name: survey_surveyset_organization_id_cbda2577; Type: INDEX; Schema: public; Owner: -
--

CREATE INDEX survey_surveyset_organization_id_cbda2577 ON public.survey_surveyset USING btree (organization_id);


--
-- Name: survey_user_groups_group_id_c54d859a; Type: INDEX; Schema: public; Owner: -
--

CREATE INDEX survey_user_groups_group_id_c54d859a ON public.survey_user_groups USING btree (group_id);


--
-- Name: survey_user_groups_user_id_61a58d34; Type: INDEX; Schema: public; Owner: -
--

CREATE INDEX survey_user_groups_user_id_61a58d34 ON public.survey_user_groups USING btree (user_id);


--
-- Name: survey_user_organization_id_6eab84fe; Type: INDEX; Schema: public; Owner: -
--

CREATE INDEX survey_user_organization_id_6eab84fe ON public.survey_user USING btree (organization_id);


--
-- Name: survey_user_user_permissions_permission_id_e7c47200; Type: INDEX; Schema: public; Owner: -
--

CREATE INDEX survey_user_user_permissions_permission_id_e7c47200 ON public.survey_user_user_permissions USING btree (permission_id);


--
-- Name: survey_user_user_permissions_user_id_d1342fe6; Type: INDEX; Schema: public; Owner: -
--

CREATE INDEX survey_user_user_permissions_user_id_d1342fe6 ON public.survey_user_user_permissions USING btree (user_id);


--
-- Name: survey_user_username_e6f62d3e_like; Type: INDEX; Schema: public; Owner: -
--

CREATE INDEX survey_user_username_e6f62d3e_like ON public.survey_user USING btree (username varchar_pattern_ops);


--
-- Name: unique_primary_email; Type: INDEX; Schema: public; Owner: -
--

CREATE UNIQUE INDEX unique_primary_email ON public.account_emailaddress USING btree (user_id, "primary") WHERE "primary";


--
-- Name: unique_verified_email; Type: INDEX; Schema: public; Owner: -
--

CREATE UNIQUE INDEX unique_verified_email ON public.account_emailaddress USING btree (email) WHERE verified;


--
-- Name: account_emailaddress account_emailaddress_user_id_2c513194_fk_survey_user_id; Type: FK CONSTRAINT; Schema: public; Owner: -
--

ALTER TABLE ONLY public.account_emailaddress
    ADD CONSTRAINT account_emailaddress_user_id_2c513194_fk_survey_user_id FOREIGN KEY (user_id) REFERENCES public.survey_user(id) DEFERRABLE INITIALLY DEFERRED;


--
-- Name: account_emailconfirmation account_emailconfirm_email_address_id_5b7f8c58_fk_account_e; Type: FK CONSTRAINT; Schema: public; Owner: -
--

ALTER TABLE ONLY public.account_emailconfirmation
    ADD CONSTRAINT account_emailconfirm_email_address_id_5b7f8c58_fk_account_e FOREIGN KEY (email_address_id) REFERENCES public.account_emailaddress(id) DEFERRABLE INITIALLY DEFERRED;


--
-- Name: auth_group_permissions auth_group_permissio_permission_id_84c5c92e_fk_auth_perm; Type: FK CONSTRAINT; Schema: public; Owner: -
--

ALTER TABLE ONLY public.auth_group_permissions
    ADD CONSTRAINT auth_group_permissio_permission_id_84c5c92e_fk_auth_perm FOREIGN KEY (permission_id) REFERENCES public.auth_permission(id) DEFERRABLE INITIALLY DEFERRED;


--
-- Name: auth_group_permissions auth_group_permissions_group_id_b120cbf9_fk_auth_group_id; Type: FK CONSTRAINT; Schema: public; Owner: -
--

ALTER TABLE ONLY public.auth_group_permissions
    ADD CONSTRAINT auth_group_permissions_group_id_b120cbf9_fk_auth_group_id FOREIGN KEY (group_id) REFERENCES public.auth_group(id) DEFERRABLE INITIALLY DEFERRED;


--
-- Name: auth_permission auth_permission_content_type_id_2f476e4b_fk_django_co; Type: FK CONSTRAINT; Schema: public; Owner: -
--

ALTER TABLE ONLY public.auth_permission
    ADD CONSTRAINT auth_permission_content_type_id_2f476e4b_fk_django_co FOREIGN KEY (content_type_id) REFERENCES public.django_content_type(id) DEFERRABLE INITIALLY DEFERRED;


--
-- Name: django_admin_log django_admin_log_content_type_id_c4bce8eb_fk_django_co; Type: FK CONSTRAINT; Schema: public; Owner: -
--

ALTER TABLE ONLY public.django_admin_log
    ADD CONSTRAINT django_admin_log_content_type_id_c4bce8eb_fk_django_co FOREIGN KEY (content_type_id) REFERENCES public.django_content_type(id) DEFERRABLE INITIALLY DEFERRED;


--
-- Name: django_admin_log django_admin_log_user_id_c564eba6_fk_survey_user_id; Type: FK CONSTRAINT; Schema: public; Owner: -
--

ALTER TABLE ONLY public.django_admin_log
    ADD CONSTRAINT django_admin_log_user_id_c564eba6_fk_survey_user_id FOREIGN KEY (user_id) REFERENCES public.survey_user(id) DEFERRABLE INITIALLY DEFERRED;


--
-- Name: socialaccount_socialtoken socialaccount_social_account_id_951f210e_fk_socialacc; Type: FK CONSTRAINT; Schema: public; Owner: -
--

ALTER TABLE ONLY public.socialaccount_socialtoken
    ADD CONSTRAINT socialaccount_social_account_id_951f210e_fk_socialacc FOREIGN KEY (account_id) REFERENCES public.socialaccount_socialaccount(id) DEFERRABLE INITIALLY DEFERRED;


--
-- Name: socialaccount_socialtoken socialaccount_social_app_id_636a42d7_fk_socialacc; Type: FK CONSTRAINT; Schema: public; Owner: -
--

ALTER TABLE ONLY public.socialaccount_socialtoken
    ADD CONSTRAINT socialaccount_social_app_id_636a42d7_fk_socialacc FOREIGN KEY (app_id) REFERENCES public.socialaccount_socialapp(id) DEFERRABLE INITIALLY DEFERRED;


--
-- Name: socialaccount_socialapp_sites socialaccount_social_site_id_2579dee5_fk_django_si; Type: FK CONSTRAINT; Schema: public; Owner: -
--

ALTER TABLE ONLY public.socialaccount_socialapp_sites
    ADD CONSTRAINT socialaccount_social_site_id_2579dee5_fk_django_si FOREIGN KEY (site_id) REFERENCES public.django_site(id) DEFERRABLE INITIALLY DEFERRED;


--
-- Name: socialaccount_socialapp_sites socialaccount_social_socialapp_id_97fb6e7d_fk_socialacc; Type: FK CONSTRAINT; Schema: public; Owner: -
--

ALTER TABLE ONLY public.socialaccount_socialapp_sites
    ADD CONSTRAINT socialaccount_social_socialapp_id_97fb6e7d_fk_socialacc FOREIGN KEY (socialapp_id) REFERENCES public.socialaccount_socialapp(id) DEFERRABLE INITIALLY DEFERRED;


--
-- Name: socialaccount_socialaccount socialaccount_socialaccount_user_id_8146e70c_fk_survey_user_id; Type: FK CONSTRAINT; Schema: public; Owner: -
--

ALTER TABLE ONLY public.socialaccount_socialaccount
    ADD CONSTRAINT socialaccount_socialaccount_user_id_8146e70c_fk_survey_user_id FOREIGN KEY (user_id) REFERENCES public.survey_user(id) DEFERRABLE INITIALLY DEFERRED;


--
-- Name: survey_alert survey_alert_location_id_da250b7b_fk_survey_location_id; Type: FK CONSTRAINT; Schema: public; Owner: -
--

ALTER TABLE ONLY public.survey_alert
    ADD CONSTRAINT survey_alert_location_id_da250b7b_fk_survey_location_id FOREIGN KEY (location_id) REFERENCES public.survey_location(id) DEFERRABLE INITIALLY DEFERRED;


--
-- Name: survey_alert survey_alert_survey_response_id_e149fc8e_fk_survey_su; Type: FK CONSTRAINT; Schema: public; Owner: -
--

ALTER TABLE ONLY public.survey_alert
    ADD CONSTRAINT survey_alert_survey_response_id_e149fc8e_fk_survey_su FOREIGN KEY (survey_response_id) REFERENCES public.survey_surveyresponse(id) DEFERRABLE INITIALLY DEFERRED;


--
-- Name: survey_incentive survey_incentive_organization_id_462c9075_fk_survey_or; Type: FK CONSTRAINT; Schema: public; Owner: -
--

ALTER TABLE ONLY public.survey_incentive
    ADD CONSTRAINT survey_incentive_organization_id_462c9075_fk_survey_or FOREIGN KEY (organization_id) REFERENCES public.survey_organization(id) DEFERRABLE INITIALLY DEFERRED;


--
-- Name: survey_incentive survey_incentive_survey_set_id_f9cd8775_fk_survey_surveyset_id; Type: FK CONSTRAINT; Schema: public; Owner: -
--

ALTER TABLE ONLY public.survey_incentive
    ADD CONSTRAINT survey_incentive_survey_set_id_f9cd8775_fk_survey_surveyset_id FOREIGN KEY (survey_set_id) REFERENCES public.survey_surveyset(id) DEFERRABLE INITIALLY DEFERRED;


--
-- Name: survey_incentivewin survey_incentivewin_incentive_id_b2fb5d86_fk_survey_in; Type: FK CONSTRAINT; Schema: public; Owner: -
--

ALTER TABLE ONLY public.survey_incentivewin
    ADD CONSTRAINT survey_incentivewin_incentive_id_b2fb5d86_fk_survey_in FOREIGN KEY (incentive_id) REFERENCES public.survey_incentive(id) DEFERRABLE INITIALLY DEFERRED;


--
-- Name: survey_incentivewin survey_incentivewin_redeemed_by_id_a5dfc862_fk_survey_user_id; Type: FK CONSTRAINT; Schema: public; Owner: -
--

ALTER TABLE ONLY public.survey_incentivewin
    ADD CONSTRAINT survey_incentivewin_redeemed_by_id_a5dfc862_fk_survey_user_id FOREIGN KEY (redeemed_by_id) REFERENCES public.survey_user(id) DEFERRABLE INITIALLY DEFERRED;


--
-- Name: survey_incentivewin survey_incentivewin_survey_response_id_fb9e08f5_fk_survey_su; Type: FK CONSTRAINT; Schema: public; Owner: -
--

ALTER TABLE ONLY public.survey_incentivewin
    ADD CONSTRAINT survey_incentivewin_survey_response_id_fb9e08f5_fk_survey_su FOREIGN KEY (survey_response_id) REFERENCES public.survey_surveyresponse(id) DEFERRABLE INITIALLY DEFERRED;


--
-- Name: survey_location survey_location_organization_id_98dfa68a_fk_survey_or; Type: FK CONSTRAINT; Schema: public; Owner: -
--

ALTER TABLE ONLY public.survey_location
    ADD CONSTRAINT survey_location_organization_id_98dfa68a_fk_survey_or FOREIGN KEY (organization_id) REFERENCES public.survey_organization(id) DEFERRABLE INITIALLY DEFERRED;


--
-- Name: survey_location survey_location_survey_set_id_e2f0742a_fk_survey_surveyset_id; Type: FK CONSTRAINT; Schema: public; Owner: -
--

ALTER TABLE ONLY public.survey_location
    ADD CONSTRAINT survey_location_survey_set_id_e2f0742a_fk_survey_surveyset_id FOREIGN KEY (survey_set_id) REFERENCES public.survey_surveyset(id) DEFERRABLE INITIALLY DEFERRED;


--
-- Name: survey_nfctag survey_nfctag_location_id_7a717467_fk_survey_location_id; Type: FK CONSTRAINT; Schema: public; Owner: -
--

ALTER TABLE ONLY public.survey_nfctag
    ADD CONSTRAINT survey_nfctag_location_id_7a717467_fk_survey_location_id FOREIGN KEY (location_id) REFERENCES public.survey_location(id) DEFERRABLE INITIALLY DEFERRED;


--
-- Name: survey_nfctag survey_nfctag_organization_id_b3573361_fk_survey_or; Type: FK CONSTRAINT; Schema: public; Owner: -
--

ALTER TABLE ONLY public.survey_nfctag
    ADD CONSTRAINT survey_nfctag_organization_id_b3573361_fk_survey_or FOREIGN KEY (organization_id) REFERENCES public.survey_organization(id) DEFERRABLE INITIALLY DEFERRED;


--
-- Name: survey_survey survey_survey_organization_id_0210e13b_fk_survey_or; Type: FK CONSTRAINT; Schema: public; Owner: -
--

ALTER TABLE ONLY public.survey_survey
    ADD CONSTRAINT survey_survey_organization_id_0210e13b_fk_survey_or FOREIGN KEY (organization_id) REFERENCES public.survey_organization(id) DEFERRABLE INITIALLY DEFERRED;


--
-- Name: survey_survey survey_survey_survey_set_id_46bebf60_fk_survey_surveyset_id; Type: FK CONSTRAINT; Schema: public; Owner: -
--

ALTER TABLE ONLY public.survey_survey
    ADD CONSTRAINT survey_survey_survey_set_id_46bebf60_fk_survey_surveyset_id FOREIGN KEY (survey_set_id) REFERENCES public.survey_surveyset(id) DEFERRABLE INITIALLY DEFERRED;


--
-- Name: survey_surveyresponse survey_surveyrespons_location_id_09cd07d1_fk_survey_lo; Type: FK CONSTRAINT; Schema: public; Owner: -
--

ALTER TABLE ONLY public.survey_surveyresponse
    ADD CONSTRAINT survey_surveyrespons_location_id_09cd07d1_fk_survey_lo FOREIGN KEY (location_id) REFERENCES public.survey_location(id) DEFERRABLE INITIALLY DEFERRED;


--
-- Name: survey_surveyresponse survey_surveyrespons_survey_set_id_fd9ae091_fk_survey_su; Type: FK CONSTRAINT; Schema: public; Owner: -
--

ALTER TABLE ONLY public.survey_surveyresponse
    ADD CONSTRAINT survey_surveyrespons_survey_set_id_fd9ae091_fk_survey_su FOREIGN KEY (survey_set_id) REFERENCES public.survey_surveyset(id) DEFERRABLE INITIALLY DEFERRED;


--
-- Name: survey_surveyresponse survey_surveyresponse_survey_id_9a5de89c_fk_survey_survey_id; Type: FK CONSTRAINT; Schema: public; Owner: -
--

ALTER TABLE ONLY public.survey_surveyresponse
    ADD CONSTRAINT survey_surveyresponse_survey_id_9a5de89c_fk_survey_survey_id FOREIGN KEY (survey_id) REFERENCES public.survey_survey(id) DEFERRABLE INITIALLY DEFERRED;


--
-- Name: survey_surveyset survey_surveyset_organization_id_cbda2577_fk_survey_or; Type: FK CONSTRAINT; Schema: public; Owner: -
--

ALTER TABLE ONLY public.survey_surveyset
    ADD CONSTRAINT survey_surveyset_organization_id_cbda2577_fk_survey_or FOREIGN KEY (organization_id) REFERENCES public.survey_organization(id) DEFERRABLE INITIALLY DEFERRED;


--
-- Name: survey_user_groups survey_user_groups_group_id_c54d859a_fk_auth_group_id; Type: FK CONSTRAINT; Schema: public; Owner: -
--

ALTER TABLE ONLY public.survey_user_groups
    ADD CONSTRAINT survey_user_groups_group_id_c54d859a_fk_auth_group_id FOREIGN KEY (group_id) REFERENCES public.auth_group(id) DEFERRABLE INITIALLY DEFERRED;


--
-- Name: survey_user_groups survey_user_groups_user_id_61a58d34_fk_survey_user_id; Type: FK CONSTRAINT; Schema: public; Owner: -
--

ALTER TABLE ONLY public.survey_user_groups
    ADD CONSTRAINT survey_user_groups_user_id_61a58d34_fk_survey_user_id FOREIGN KEY (user_id) REFERENCES public.survey_user(id) DEFERRABLE INITIALLY DEFERRED;


--
-- Name: survey_user survey_user_organization_id_6eab84fe_fk_survey_organization_id; Type: FK CONSTRAINT; Schema: public; Owner: -
--

ALTER TABLE ONLY public.survey_user
    ADD CONSTRAINT survey_user_organization_id_6eab84fe_fk_survey_organization_id FOREIGN KEY (organization_id) REFERENCES public.survey_organization(id) DEFERRABLE INITIALLY DEFERRED;


--
-- Name: survey_user_user_permissions survey_user_user_per_permission_id_e7c47200_fk_auth_perm; Type: FK CONSTRAINT; Schema: public; Owner: -
--

ALTER TABLE ONLY public.survey_user_user_permissions
    ADD CONSTRAINT survey_user_user_per_permission_id_e7c47200_fk_auth_perm FOREIGN KEY (permission_id) REFERENCES public.auth_permission(id) DEFERRABLE INITIALLY DEFERRED;


--
-- Name: survey_user_user_permissions survey_user_user_permissions_user_id_d1342fe6_fk_survey_user_id; Type: FK CONSTRAINT; Schema: public; Owner: -
--

ALTER TABLE ONLY public.survey_user_user_permissions
    ADD CONSTRAINT survey_user_user_permissions_user_id_d1342fe6_fk_survey_user_id FOREIGN KEY (user_id) REFERENCES public.survey_user(id) DEFERRABLE INITIALLY DEFERRED;


--
-- PostgreSQL database dump complete
--

\unrestrict WGkB0fCgVyMU4xVQWC2F1BBtaGBmSWfI9n1qbYvbUxUdho0M0foOP7qSoObABM0

